#
# There is insufficient memory for the Java Runtime Environment to continue.
# Native memory allocation (malloc) failed to allocate 1532176 bytes. Error detail: Chunk::new
# Possible reasons:
#   The system is out of physical RAM or swap space
#   This process is running with CompressedOops enabled, and the Java Heap may be blocking the growth of the native heap
# Possible solutions:
#   Reduce memory load on the system
#   Increase physical memory or swap space
#   Check if swap backing store is full
#   Decrease Java heap size (-Xmx/-Xms)
#   Decrease number of Java threads
#   Decrease Java thread stack sizes (-Xss)
#   Set larger code cache with -XX:ReservedCodeCacheSize=
#   JVM is running with Unscaled Compressed Oops mode in which the Java heap is
#     placed in the first 4GB address space. The Java Heap base address is the
#     maximum limit for the native heap growth. Please use -XX:HeapBaseMinAddress
#     to set the Java Heap base and to place the Java Heap above 4GB virtual address.
# This output file may be truncated or incomplete.
#
#  Out of Memory Error (arena.cpp:168), pid=6152, tid=22480
#
# JRE version: OpenJDK Runtime Environment Microsoft-11933218 (21.0.8+9) (build 21.0.8+9-LTS)
# Java VM: OpenJDK 64-Bit Server VM Microsoft-11933218 (21.0.8+9-LTS, mixed mode, sharing, tiered, compressed oops, compressed class ptrs, g1 gc, windows-amd64)
# No core dump will be written. Minidumps are not enabled by default on client versions of Windows
#

---------------  S U M M A R Y ------------

Command Line: --add-opens=java.base/java.util=ALL-UNNAMED --add-opens=java.base/java.lang=ALL-UNNAMED --add-opens=java.base/java.lang.invoke=ALL-UNNAMED --add-opens=java.prefs/java.util.prefs=ALL-UNNAMED --add-opens=java.base/java.nio.charset=ALL-UNNAMED --add-opens=java.base/java.net=ALL-UNNAMED --add-opens=java.base/java.util.concurrent.atomic=ALL-UNNAMED -XX:MaxMetaspaceSize=384m -XX:+HeapDumpOnOutOfMemoryError -Xms256m -Xmx512m -Dfile.encoding=UTF-8 -Duser.country -Duser.language=en -Duser.variant -javaagent:C:\Users\DELL\.gradle\wrapper\dists\gradle-8.8-bin\dl7vupf4psengwqhwktix4v1\gradle-8.8\lib\agents\gradle-instrumentation-agent-8.8.jar org.gradle.launcher.daemon.bootstrap.GradleDaemon 8.8

Host: 13th Gen Intel(R) Core(TM) i7-1355U, 12 cores, 15G,  Windows 11 , 64 bit Build 26100 (10.0.26100.8246)
Time: Tue May 12 14:13:19 2026 SE Asia Standard Time elapsed time: 8.441636 seconds (0d 0h 0m 8s)

---------------  T H R E A D  ---------------

Current thread (0x0000023119732340):  JavaThread "C2 CompilerThread2" daemon [_thread_in_native, id=22480, stack(0x0000009619600000,0x0000009619700000) (1024K)]


Current CompileTask:
C2:8441 6661 %     4       org.gradle.internal.instantiation.generator.AbstractClassGenerator::inspectType @ 107 (560 bytes)

Stack: [0x0000009619600000,0x0000009619700000]
Native frames: (J=compiled Java code, j=interpreted, Vv=VM code, C=native code)
V  [jvm.dll+0x6e1729]
V  [jvm.dll+0x8bf47b]
V  [jvm.dll+0x8c19aa]
V  [jvm.dll+0x8c2083]
V  [jvm.dll+0x289fd6]
V  [jvm.dll+0xc903d]
V  [jvm.dll+0xc958c]
V  [jvm.dll+0x3c76e2]
V  [jvm.dll+0x393f22]
V  [jvm.dll+0x39337a]
V  [jvm.dll+0x251c60]
V  [jvm.dll+0x251283]
V  [jvm.dll+0x1d18bf]
V  [jvm.dll+0x260f4a]
V  [jvm.dll+0x25f2b5]
V  [jvm.dll+0x40151d]
V  [jvm.dll+0x86975d]
V  [jvm.dll+0x6dff2d]
C  [ucrtbase.dll+0x37b0]
C  [KERNEL32.DLL+0x2e8d7]
C  [ntdll.dll+0x8c3fc]


---------------  P R O C E S S  ---------------

Threads class SMR info:
_java_thread_list=0x0000023119732b80, length=113, elements={
0x000002315d028680, 0x000002317a7f0080, 0x000002317a7f26f0, 0x000002317a7f3140,
0x000002317a7f3b90, 0x000002317a7f45e0, 0x000002317a7f5030, 0x000002317a7f9dc0,
0x000002317a7fead0, 0x000002317a91b6d0, 0x000002317aa86630, 0x0000023115fa0750,
0x00000231161577b0, 0x0000023115ddd2a0, 0x000002311618c4f0, 0x000002317f2d5f60,
0x000002311586bec0, 0x00000231162d4d50, 0x00000231162d53e0, 0x00000231162d7b40,
0x00000231162d5a70, 0x00000231162d46c0, 0x00000231162d6100, 0x00000231162d74b0,
0x00000231162d6790, 0x00000231162d6e20, 0x00000231188c1e70, 0x00000231188bfda0,
0x00000231188c0430, 0x00000231188bf710, 0x00000231188bf080, 0x0000023116bcbc70,
0x00000231188c3f40, 0x00000231188c38b0, 0x00000231188c2500, 0x00000231188c1150,
0x00000231188c2b90, 0x00000231188c0ac0, 0x00000231188c52f0, 0x00000231188c45d0,
0x00000231188c4c60, 0x00000231188c5980, 0x00000231188c6010, 0x00000231188c3220,
0x00000231188c66a0, 0x000002311a4b6f00, 0x000002311a4b82b0, 0x000002311a4b7c20,
0x000002311a4b8940, 0x000002311a4b8fd0, 0x000002311a4b9660, 0x000002311a4b9cf0,
0x000002311a4ba380, 0x000002311a4baa10, 0x000002311a4b7590, 0x000002311a4bbdc0,
0x000002311a4bd800, 0x000002311a4bb730, 0x000002311a4bc450, 0x000002311a4bde90,
0x000002311a4bd170, 0x000002311a4bcae0, 0x000002311a4be520, 0x000002311a4bb0a0,
0x0000023119d9ee00, 0x0000023119d9d3c0, 0x0000023119d9c6a0, 0x0000023119d9e0e0,
0x0000023119d9c010, 0x0000023119d9f490, 0x0000023119d9da50, 0x0000023119d9e770,
0x0000023119d9fb20, 0x0000023119d9cd30, 0x0000023119da2280, 0x0000023119da0ed0,
0x0000023119da01b0, 0x0000023119da0840, 0x0000023119da3630, 0x0000023119da1bf0,
0x0000023119da1560, 0x0000023119da2910, 0x0000023119da2fa0, 0x0000023119c6ed50,
0x0000023119c6c5f0, 0x0000023119c6d310, 0x0000023119c6cc80, 0x0000023119c6d9a0,
0x0000023119c6b8d0, 0x0000023119c6e6c0, 0x0000023119c6bf60, 0x0000023119c6f3e0,
0x0000023119c70e20, 0x0000023119c6e030, 0x0000023119c71b40, 0x0000023119c6fa70,
0x0000023119c70790, 0x0000023119c70100, 0x0000023119c714b0, 0x0000023119c721d0,
0x0000023119c72860, 0x0000023119c72ef0, 0x0000023119cb5770, 0x0000023119cb6b20,
0x0000023119cb6490, 0x0000023119cb7ed0, 0x0000023119cb71b0, 0x0000023119cb5e00,
0x0000023119cb7840, 0x0000023119cb8560, 0x0000023119cbb9e0, 0x0000023119cba630,
0x0000023119732340
}

Java Threads: ( => current thread )
  0x000002315d028680 JavaThread "main"                              [_thread_blocked, id=15208, stack(0x0000009611400000,0x0000009611500000) (1024K)]
  0x000002317a7f0080 JavaThread "Reference Handler"          daemon [_thread_blocked, id=8848, stack(0x0000009611c00000,0x0000009611d00000) (1024K)]
  0x000002317a7f26f0 JavaThread "Finalizer"                  daemon [_thread_blocked, id=2824, stack(0x0000009611d00000,0x0000009611e00000) (1024K)]
  0x000002317a7f3140 JavaThread "Signal Dispatcher"          daemon [_thread_blocked, id=18716, stack(0x0000009611e00000,0x0000009611f00000) (1024K)]
  0x000002317a7f3b90 JavaThread "Attach Listener"            daemon [_thread_blocked, id=3836, stack(0x0000009611f00000,0x0000009612000000) (1024K)]
  0x000002317a7f45e0 JavaThread "Service Thread"             daemon [_thread_blocked, id=20376, stack(0x0000009612000000,0x0000009612100000) (1024K)]
  0x000002317a7f5030 JavaThread "Monitor Deflation Thread"   daemon [_thread_blocked, id=17132, stack(0x0000009612100000,0x0000009612200000) (1024K)]
  0x000002317a7f9dc0 JavaThread "C2 CompilerThread0"         daemon [_thread_blocked, id=23064, stack(0x0000009612200000,0x0000009612300000) (1024K)]
  0x000002317a7fead0 JavaThread "C1 CompilerThread0"         daemon [_thread_blocked, id=6944, stack(0x0000009612300000,0x0000009612400000) (1024K)]
  0x000002317a91b6d0 JavaThread "Common-Cleaner"             daemon [_thread_blocked, id=22348, stack(0x0000009612400000,0x0000009612500000) (1024K)]
  0x000002317aa86630 JavaThread "Notification Thread"        daemon [_thread_blocked, id=4448, stack(0x0000009612500000,0x0000009612600000) (1024K)]
  0x0000023115fa0750 JavaThread "Daemon health stats"               [_thread_blocked, id=10116, stack(0x0000009612c00000,0x0000009612d00000) (1024K)]
  0x00000231161577b0 JavaThread "Incoming local TCP Connector on port 51150"        [_thread_in_native, id=17652, stack(0x0000009612d00000,0x0000009612e00000) (1024K)]
  0x0000023115ddd2a0 JavaThread "Daemon periodic checks"            [_thread_blocked, id=5208, stack(0x0000009612e00000,0x0000009612f00000) (1024K)]
  0x000002311618c4f0 JavaThread "Daemon"                            [_thread_blocked, id=20336, stack(0x0000009612f00000,0x0000009613000000) (1024K)]
  0x000002317f2d5f60 JavaThread "Handler for socket connection from /127.0.0.1:51150 to /127.0.0.1:51151"        [_thread_in_native, id=15836, stack(0x0000009613000000,0x0000009613100000) (1024K)]
  0x000002311586bec0 JavaThread "Cancel handler"                    [_thread_blocked, id=24552, stack(0x0000009613100000,0x0000009613200000) (1024K)]
  0x00000231162d4d50 JavaThread "Daemon worker"                     [_thread_in_Java, id=14176, stack(0x0000009613200000,0x0000009613300000) (1024K)]
  0x00000231162d53e0 JavaThread "Asynchronous log dispatcher for DefaultDaemonConnection: socket connection from /127.0.0.1:51150 to /127.0.0.1:51151"        [_thread_blocked, id=22112, stack(0x0000009613300000,0x0000009613400000) (1024K)]
  0x00000231162d7b40 JavaThread "Stdin handler"                     [_thread_blocked, id=14040, stack(0x0000009613400000,0x0000009613500000) (1024K)]
  0x00000231162d5a70 JavaThread "Daemon client event forwarder"        [_thread_blocked, id=18844, stack(0x0000009613500000,0x0000009613600000) (1024K)]
  0x00000231162d46c0 JavaThread "Cache worker for journal cache (C:\Users\DELL\.gradle\caches\journal-1)"        [_thread_blocked, id=6728, stack(0x0000009613600000,0x0000009613700000) (1024K)]
  0x00000231162d6100 JavaThread "File lock request listener"        [_thread_in_native, id=21120, stack(0x0000009613700000,0x0000009613800000) (1024K)]
  0x00000231162d74b0 JavaThread "Cache worker for file hash cache (C:\Users\DELL\.gradle\caches\8.8\fileHashes)"        [_thread_blocked, id=22776, stack(0x0000009613800000,0x0000009613900000) (1024K)]
  0x00000231162d6790 JavaThread "Cache worker for file hash cache (C:\Users\DELL\Downloads\lesson1\IgMini\.gradle\8.8\fileHashes)"        [_thread_blocked, id=15304, stack(0x0000009614000000,0x0000009614100000) (1024K)]
  0x00000231162d6e20 JavaThread "File watcher server"        daemon [_thread_in_native, id=19220, stack(0x0000009614100000,0x0000009614200000) (1024K)]
  0x00000231188c1e70 JavaThread "File watcher consumer"      daemon [_thread_blocked, id=1204, stack(0x0000009614200000,0x0000009614300000) (1024K)]
  0x00000231188bfda0 JavaThread "Cache worker for checksums cache (C:\Users\DELL\Downloads\lesson1\IgMini\.gradle\8.8\checksums)"        [_thread_blocked, id=17304, stack(0x0000009612600000,0x0000009612700000) (1024K)]
  0x00000231188c0430 JavaThread "Cache worker for file content cache (C:\Users\DELL\.gradle\caches\8.8\fileContent)"        [_thread_blocked, id=21776, stack(0x0000009613900000,0x0000009613a00000) (1024K)]
  0x00000231188bf710 JavaThread "Cache worker for cache directory md-rule (C:\Users\DELL\.gradle\caches\8.8\md-rule)"        [_thread_blocked, id=23672, stack(0x0000009614300000,0x0000009614400000) (1024K)]
  0x00000231188bf080 JavaThread "Cache worker for cache directory md-supplier (C:\Users\DELL\.gradle\caches\8.8\md-supplier)"        [_thread_blocked, id=14316, stack(0x0000009614400000,0x0000009614500000) (1024K)]
  0x0000023116bcbc70 JavaThread "C2 CompilerThread1"         daemon [_thread_in_native, id=13688, stack(0x0000009614500000,0x0000009614600000) (1024K)]
  0x00000231188c3f40 JavaThread "jar transforms"                    [_thread_blocked, id=6500, stack(0x0000009614600000,0x0000009614700000) (1024K)]
  0x00000231188c38b0 JavaThread "jar transforms Thread 2"           [_thread_blocked, id=15040, stack(0x0000009614700000,0x0000009614800000) (1024K)]
  0x00000231188c2500 JavaThread "jar transforms Thread 3"           [_thread_blocked, id=584, stack(0x0000009614900000,0x0000009614a00000) (1024K)]
  0x00000231188c1150 JavaThread "Unconstrained build operations"        [_thread_blocked, id=7316, stack(0x0000009614800000,0x0000009614900000) (1024K)]
  0x00000231188c2b90 JavaThread "Unconstrained build operations Thread 2"        [_thread_blocked, id=20108, stack(0x0000009614a00000,0x0000009614b00000) (1024K)]
  0x00000231188c0ac0 JavaThread "Unconstrained build operations Thread 3"        [_thread_blocked, id=17568, stack(0x0000009614b00000,0x0000009614c00000) (1024K)]
  0x00000231188c52f0 JavaThread "Unconstrained build operations Thread 4"        [_thread_blocked, id=24456, stack(0x0000009614c00000,0x0000009614d00000) (1024K)]
  0x00000231188c45d0 JavaThread "Unconstrained build operations Thread 5"        [_thread_blocked, id=23116, stack(0x0000009614d00000,0x0000009614e00000) (1024K)]
  0x00000231188c4c60 JavaThread "Unconstrained build operations Thread 6"        [_thread_blocked, id=9420, stack(0x0000009614e00000,0x0000009614f00000) (1024K)]
  0x00000231188c5980 JavaThread "Unconstrained build operations Thread 7"        [_thread_blocked, id=9136, stack(0x0000009614f00000,0x0000009615000000) (1024K)]
  0x00000231188c6010 JavaThread "Unconstrained build operations Thread 8"        [_thread_blocked, id=22820, stack(0x0000009615000000,0x0000009615100000) (1024K)]
  0x00000231188c3220 JavaThread "Unconstrained build operations Thread 9"        [_thread_blocked, id=12096, stack(0x0000009615100000,0x0000009615200000) (1024K)]
  0x00000231188c66a0 JavaThread "Unconstrained build operations Thread 10"        [_thread_blocked, id=22340, stack(0x0000009615200000,0x0000009615300000) (1024K)]
  0x000002311a4b6f00 JavaThread "Unconstrained build operations Thread 11"        [_thread_blocked, id=10632, stack(0x0000009615300000,0x0000009615400000) (1024K)]
  0x000002311a4b82b0 JavaThread "Unconstrained build operations Thread 12"        [_thread_blocked, id=16380, stack(0x0000009615400000,0x0000009615500000) (1024K)]
  0x000002311a4b7c20 JavaThread "Unconstrained build operations Thread 13"        [_thread_blocked, id=15156, stack(0x0000009615500000,0x0000009615600000) (1024K)]
  0x000002311a4b8940 JavaThread "Unconstrained build operations Thread 14"        [_thread_blocked, id=23156, stack(0x0000009615600000,0x0000009615700000) (1024K)]
  0x000002311a4b8fd0 JavaThread "Unconstrained build operations Thread 15"        [_thread_blocked, id=20844, stack(0x0000009615700000,0x0000009615800000) (1024K)]
  0x000002311a4b9660 JavaThread "Unconstrained build operations Thread 16"        [_thread_blocked, id=24380, stack(0x0000009615800000,0x0000009615900000) (1024K)]
  0x000002311a4b9cf0 JavaThread "Unconstrained build operations Thread 17"        [_thread_blocked, id=12340, stack(0x0000009615900000,0x0000009615a00000) (1024K)]
  0x000002311a4ba380 JavaThread "Unconstrained build operations Thread 18"        [_thread_blocked, id=22428, stack(0x0000009615a00000,0x0000009615b00000) (1024K)]
  0x000002311a4baa10 JavaThread "Unconstrained build operations Thread 19"        [_thread_blocked, id=22760, stack(0x0000009615b00000,0x0000009615c00000) (1024K)]
  0x000002311a4b7590 JavaThread "Unconstrained build operations Thread 20"        [_thread_blocked, id=21352, stack(0x0000009615c00000,0x0000009615d00000) (1024K)]
  0x000002311a4bbdc0 JavaThread "Unconstrained build operations Thread 21"        [_thread_blocked, id=17260, stack(0x0000009615d00000,0x0000009615e00000) (1024K)]
  0x000002311a4bd800 JavaThread "Unconstrained build operations Thread 22"        [_thread_blocked, id=4584, stack(0x0000009615e00000,0x0000009615f00000) (1024K)]
  0x000002311a4bb730 JavaThread "jar transforms Thread 4"           [_thread_blocked, id=22568, stack(0x0000009615f00000,0x0000009616000000) (1024K)]
  0x000002311a4bc450 JavaThread "jar transforms Thread 5"           [_thread_blocked, id=732, stack(0x0000009616000000,0x0000009616100000) (1024K)]
  0x000002311a4bde90 JavaThread "Unconstrained build operations Thread 23"        [_thread_blocked, id=9824, stack(0x0000009616100000,0x0000009616200000) (1024K)]
  0x000002311a4bd170 JavaThread "Unconstrained build operations Thread 24"        [_thread_blocked, id=1384, stack(0x0000009616200000,0x0000009616300000) (1024K)]
  0x000002311a4bcae0 JavaThread "Unconstrained build operations Thread 25"        [_thread_blocked, id=11632, stack(0x0000009616300000,0x0000009616400000) (1024K)]
  0x000002311a4be520 JavaThread "Unconstrained build operations Thread 26"        [_thread_blocked, id=13864, stack(0x0000009616400000,0x0000009616500000) (1024K)]
  0x000002311a4bb0a0 JavaThread "Unconstrained build operations Thread 27"        [_thread_blocked, id=6080, stack(0x0000009616500000,0x0000009616600000) (1024K)]
  0x0000023119d9ee00 JavaThread "Unconstrained build operations Thread 28"        [_thread_blocked, id=18016, stack(0x0000009616600000,0x0000009616700000) (1024K)]
  0x0000023119d9d3c0 JavaThread "Unconstrained build operations Thread 29"        [_thread_blocked, id=3548, stack(0x0000009616700000,0x0000009616800000) (1024K)]
  0x0000023119d9c6a0 JavaThread "Unconstrained build operations Thread 30"        [_thread_blocked, id=11500, stack(0x0000009616800000,0x0000009616900000) (1024K)]
  0x0000023119d9e0e0 JavaThread "Unconstrained build operations Thread 31"        [_thread_blocked, id=1636, stack(0x0000009616900000,0x0000009616a00000) (1024K)]
  0x0000023119d9c010 JavaThread "Unconstrained build operations Thread 32"        [_thread_blocked, id=9212, stack(0x0000009616a00000,0x0000009616b00000) (1024K)]
  0x0000023119d9f490 JavaThread "Unconstrained build operations Thread 33"        [_thread_blocked, id=712, stack(0x0000009616b00000,0x0000009616c00000) (1024K)]
  0x0000023119d9da50 JavaThread "jar transforms Thread 6"           [_thread_blocked, id=22380, stack(0x0000009616c00000,0x0000009616d00000) (1024K)]
  0x0000023119d9e770 JavaThread "jar transforms Thread 7"           [_thread_blocked, id=10364, stack(0x0000009616d00000,0x0000009616e00000) (1024K)]
  0x0000023119d9fb20 JavaThread "Unconstrained build operations Thread 34"        [_thread_blocked, id=8712, stack(0x0000009616e00000,0x0000009616f00000) (1024K)]
  0x0000023119d9cd30 JavaThread "Unconstrained build operations Thread 35"        [_thread_blocked, id=23212, stack(0x0000009616f00000,0x0000009617000000) (1024K)]
  0x0000023119da2280 JavaThread "Unconstrained build operations Thread 36"        [_thread_blocked, id=17548, stack(0x0000009617000000,0x0000009617100000) (1024K)]
  0x0000023119da0ed0 JavaThread "Unconstrained build operations Thread 37"        [_thread_blocked, id=5924, stack(0x0000009617100000,0x0000009617200000) (1024K)]
  0x0000023119da01b0 JavaThread "Unconstrained build operations Thread 38"        [_thread_blocked, id=24324, stack(0x0000009617200000,0x0000009617300000) (1024K)]
  0x0000023119da0840 JavaThread "Unconstrained build operations Thread 39"        [_thread_blocked, id=6972, stack(0x0000009617300000,0x0000009617400000) (1024K)]
  0x0000023119da3630 JavaThread "Unconstrained build operations Thread 40"        [_thread_blocked, id=13508, stack(0x0000009617400000,0x0000009617500000) (1024K)]
  0x0000023119da1bf0 JavaThread "Unconstrained build operations Thread 41"        [_thread_blocked, id=24340, stack(0x0000009617500000,0x0000009617600000) (1024K)]
  0x0000023119da1560 JavaThread "Unconstrained build operations Thread 42"        [_thread_blocked, id=1320, stack(0x0000009617600000,0x0000009617700000) (1024K)]
  0x0000023119da2910 JavaThread "Unconstrained build operations Thread 43"        [_thread_blocked, id=19188, stack(0x0000009617700000,0x0000009617800000) (1024K)]
  0x0000023119da2fa0 JavaThread "Unconstrained build operations Thread 44"        [_thread_blocked, id=17600, stack(0x0000009617800000,0x0000009617900000) (1024K)]
  0x0000023119c6ed50 JavaThread "jar transforms Thread 8"           [_thread_blocked, id=22960, stack(0x0000009617900000,0x0000009617a00000) (1024K)]
  0x0000023119c6c5f0 JavaThread "jar transforms Thread 9"           [_thread_blocked, id=15028, stack(0x0000009617a00000,0x0000009617b00000) (1024K)]
  0x0000023119c6d310 JavaThread "Unconstrained build operations Thread 45"        [_thread_blocked, id=24084, stack(0x0000009617b00000,0x0000009617c00000) (1024K)]
  0x0000023119c6cc80 JavaThread "Unconstrained build operations Thread 46"        [_thread_blocked, id=13460, stack(0x0000009617c00000,0x0000009617d00000) (1024K)]
  0x0000023119c6d9a0 JavaThread "Unconstrained build operations Thread 47"        [_thread_blocked, id=20864, stack(0x0000009617d00000,0x0000009617e00000) (1024K)]
  0x0000023119c6b8d0 JavaThread "Unconstrained build operations Thread 48"        [_thread_blocked, id=22744, stack(0x0000009617e00000,0x0000009617f00000) (1024K)]
  0x0000023119c6e6c0 JavaThread "Unconstrained build operations Thread 49"        [_thread_blocked, id=10920, stack(0x0000009617f00000,0x0000009618000000) (1024K)]
  0x0000023119c6bf60 JavaThread "Unconstrained build operations Thread 50"        [_thread_blocked, id=15616, stack(0x0000009618000000,0x0000009618100000) (1024K)]
  0x0000023119c6f3e0 JavaThread "Unconstrained build operations Thread 51"        [_thread_blocked, id=17856, stack(0x0000009618100000,0x0000009618200000) (1024K)]
  0x0000023119c70e20 JavaThread "Unconstrained build operations Thread 52"        [_thread_blocked, id=14900, stack(0x0000009618200000,0x0000009618300000) (1024K)]
  0x0000023119c6e030 JavaThread "Unconstrained build operations Thread 53"        [_thread_blocked, id=23172, stack(0x0000009618300000,0x0000009618400000) (1024K)]
  0x0000023119c71b40 JavaThread "Unconstrained build operations Thread 54"        [_thread_blocked, id=15348, stack(0x0000009618400000,0x0000009618500000) (1024K)]
  0x0000023119c6fa70 JavaThread "Unconstrained build operations Thread 55"        [_thread_blocked, id=23600, stack(0x0000009618500000,0x0000009618600000) (1024K)]
  0x0000023119c70790 JavaThread "jar transforms Thread 10"          [_thread_blocked, id=20716, stack(0x0000009618600000,0x0000009618700000) (1024K)]
  0x0000023119c70100 JavaThread "jar transforms Thread 11"          [_thread_blocked, id=16896, stack(0x0000009618700000,0x0000009618800000) (1024K)]
  0x0000023119c714b0 JavaThread "Unconstrained build operations Thread 56"        [_thread_blocked, id=4592, stack(0x0000009618800000,0x0000009618900000) (1024K)]
  0x0000023119c721d0 JavaThread "Unconstrained build operations Thread 57"        [_thread_blocked, id=19444, stack(0x0000009618900000,0x0000009618a00000) (1024K)]
  0x0000023119c72860 JavaThread "Unconstrained build operations Thread 58"        [_thread_blocked, id=24136, stack(0x0000009618a00000,0x0000009618b00000) (1024K)]
  0x0000023119c72ef0 JavaThread "Unconstrained build operations Thread 59"        [_thread_blocked, id=4348, stack(0x0000009618b00000,0x0000009618c00000) (1024K)]
  0x0000023119cb5770 JavaThread "Unconstrained build operations Thread 60"        [_thread_blocked, id=19452, stack(0x0000009618c00000,0x0000009618d00000) (1024K)]
  0x0000023119cb6b20 JavaThread "Unconstrained build operations Thread 61"        [_thread_blocked, id=10124, stack(0x0000009618d00000,0x0000009618e00000) (1024K)]
  0x0000023119cb6490 JavaThread "Unconstrained build operations Thread 62"        [_thread_blocked, id=19680, stack(0x0000009618e00000,0x0000009618f00000) (1024K)]
  0x0000023119cb7ed0 JavaThread "Unconstrained build operations Thread 63"        [_thread_blocked, id=12268, stack(0x0000009618f00000,0x0000009619000000) (1024K)]
  0x0000023119cb71b0 JavaThread "Unconstrained build operations Thread 64"        [_thread_blocked, id=11972, stack(0x0000009619000000,0x0000009619100000) (1024K)]
  0x0000023119cb5e00 JavaThread "Unconstrained build operations Thread 65"        [_thread_blocked, id=1584, stack(0x0000009619100000,0x0000009619200000) (1024K)]
  0x0000023119cb7840 JavaThread "Unconstrained build operations Thread 66"        [_thread_blocked, id=392, stack(0x0000009619200000,0x0000009619300000) (1024K)]
  0x0000023119cb8560 JavaThread "jar transforms Thread 12"          [_thread_blocked, id=21184, stack(0x0000009619300000,0x0000009619400000) (1024K)]
  0x0000023119cbb9e0 JavaThread "Cache worker for Build Output Cleanup Cache (C:\Users\DELL\Downloads\lesson1\IgMini\.gradle\buildOutputCleanup)"        [_thread_blocked, id=15036, stack(0x0000009619400000,0x0000009619500000) (1024K)]
  0x0000023119cba630 JavaThread "Memory manager"                    [_thread_blocked, id=17924, stack(0x0000009619500000,0x0000009619600000) (1024K)]
=>0x0000023119732340 JavaThread "C2 CompilerThread2"         daemon [_thread_in_native, id=22480, stack(0x0000009619600000,0x0000009619700000) (1024K)]
Total: 113

Other Threads:
  0x000002317a7d4f70 VMThread "VM Thread"                           [id=7892, stack(0x0000009611b00000,0x0000009611c00000) (1024K)]
  0x000002317a7c4bc0 WatcherThread "VM Periodic Task Thread"        [id=17252, stack(0x0000009611a00000,0x0000009611b00000) (1024K)]
  0x000002315f51a840 WorkerThread "GC Thread#0"                     [id=22232, stack(0x0000009611500000,0x0000009611600000) (1024K)]
  0x000002311528c300 WorkerThread "GC Thread#1"                     [id=10988, stack(0x0000009612700000,0x0000009612800000) (1024K)]
  0x000002317f6e0cf0 WorkerThread "GC Thread#2"                     [id=10896, stack(0x0000009612800000,0x0000009612900000) (1024K)]
  0x00000231150ecef0 WorkerThread "GC Thread#3"                     [id=16532, stack(0x0000009612900000,0x0000009612a00000) (1024K)]
  0x00000231150ed290 WorkerThread "GC Thread#4"                     [id=21168, stack(0x0000009612a00000,0x0000009612b00000) (1024K)]
  0x000002317f648d00 WorkerThread "GC Thread#5"                     [id=10552, stack(0x0000009612b00000,0x0000009612c00000) (1024K)]
  0x0000023115bc4a30 WorkerThread "GC Thread#6"                     [id=14544, stack(0x0000009613a00000,0x0000009613b00000) (1024K)]
  0x0000023115bc3810 WorkerThread "GC Thread#7"                     [id=8456, stack(0x0000009613b00000,0x0000009613c00000) (1024K)]
  0x0000023115bc3bb0 WorkerThread "GC Thread#8"                     [id=18820, stack(0x0000009613c00000,0x0000009613d00000) (1024K)]
  0x0000023118901550 WorkerThread "GC Thread#9"                     [id=13832, stack(0x0000009613d00000,0x0000009613e00000) (1024K)]
  0x000002315f51f730 ConcurrentGCThread "G1 Main Marker"            [id=14548, stack(0x0000009611600000,0x0000009611700000) (1024K)]
  0x000002315f520fd0 WorkerThread "G1 Conc#0"                       [id=20996, stack(0x0000009611700000,0x0000009611800000) (1024K)]
  0x0000023118900e10 WorkerThread "G1 Conc#1"                       [id=19044, stack(0x0000009613e00000,0x0000009613f00000) (1024K)]
  0x00000231188ff4b0 WorkerThread "G1 Conc#2"                       [id=21628, stack(0x0000009613f00000,0x0000009614000000) (1024K)]
  0x000002315f5aead0 ConcurrentGCThread "G1 Refine#0"               [id=13792, stack(0x0000009611800000,0x0000009611900000) (1024K)]
  0x000002317a693660 ConcurrentGCThread "G1 Service"                [id=23440, stack(0x0000009611900000,0x0000009611a00000) (1024K)]
Total: 18

Threads with active compile tasks:
C2 CompilerThread1  8513 6764       4       org.objectweb.asm.ClassVisitor::visitMethod (24 bytes)
C2 CompilerThread2  8513 6661 %     4       org.gradle.internal.instantiation.generator.AbstractClassGenerator::inspectType @ 107 (560 bytes)
Total: 2

VM state: not at safepoint (normal execution)

VM Mutex/Monitor currently owned by a thread: None

Heap address: 0x00000000e0000000, size: 512 MB, Compressed Oops mode: 32-bit

CDS archive(s) mapped at: [0x0000023100000000-0x0000023100c80000-0x0000023100c80000), size 13107200, SharedBaseAddress: 0x0000023100000000, ArchiveRelocationMode: 1.
Compressed class space mapped at: 0x0000023101000000-0x0000023115000000, reserved size: 335544320
Narrow klass base: 0x0000023100000000, Narrow klass shift: 0, Narrow klass range: 0x100000000

GC Precious Log:
 CardTable entry size: 512
 Card Set container configuration: InlinePtr #cards 5 size 8 Array Of Cards #cards 12 size 40 Howl #buckets 4 coarsen threshold 1843 Howl Bitmap #cards 512 size 80 coarsen threshold 460 Card regions per heap region 1 cards per card region 2048
 CPUs: 12 total, 12 available
 Memory: 16068M
 Large Page Support: Disabled
 NUMA Support: Disabled
 Compressed Oops: Enabled (32-bit)
 Heap Region Size: 1M
 Heap Min Capacity: 256M
 Heap Initial Capacity: 256M
 Heap Max Capacity: 512M
 Pre-touch: Disabled
 Parallel Workers: 10
 Concurrent Workers: 3
 Concurrent Refinement Workers: 10
 Periodic GC: Disabled

Heap:
 garbage-first heap   total 262144K, used 144566K [0x00000000e0000000, 0x0000000100000000)
  region size 1024K, 119 young (121856K), 18 survivors (18432K)
 Metaspace       used 54712K, committed 56576K, reserved 393216K
  class space    used 7978K, committed 8896K, reserved 327680K

Heap Regions: E=young(eden), S=young(survivor), O=old, HS=humongous(starts), HC=humongous(continues), CS=collection set, F=free, TAMS=top-at-mark-start, PB=parsable bottom
|   0|0x00000000e0000000, 0x00000000e0100000, 0x00000000e0100000|100%|HS|  |TAMS 0x00000000e0000000| PB 0x00000000e0000000| Complete 
|   1|0x00000000e0100000, 0x00000000e0200000, 0x00000000e0200000|100%|HC|  |TAMS 0x00000000e0100000| PB 0x00000000e0100000| Complete 
|   2|0x00000000e0200000, 0x00000000e0300000, 0x00000000e0300000|100%|HC|  |TAMS 0x00000000e0200000| PB 0x00000000e0200000| Complete 
|   3|0x00000000e0300000, 0x00000000e0400000, 0x00000000e0400000|100%|HC|  |TAMS 0x00000000e0300000| PB 0x00000000e0300000| Complete 
|   4|0x00000000e0400000, 0x00000000e0400000, 0x00000000e0500000|  0%| F|  |TAMS 0x00000000e0400000| PB 0x00000000e0400000| Untracked 
|   5|0x00000000e0500000, 0x00000000e0600000, 0x00000000e0600000|100%| O|  |TAMS 0x00000000e0500000| PB 0x00000000e0500000| Untracked 
|   6|0x00000000e0600000, 0x00000000e0700000, 0x00000000e0700000|100%| O|  |TAMS 0x00000000e0600000| PB 0x00000000e0600000| Untracked 
|   7|0x00000000e0700000, 0x00000000e0800000, 0x00000000e0800000|100%| O|  |TAMS 0x00000000e0700000| PB 0x00000000e0700000| Untracked 
|   8|0x00000000e0800000, 0x00000000e0900000, 0x00000000e0900000|100%| O|  |TAMS 0x00000000e0800000| PB 0x00000000e0800000| Untracked 
|   9|0x00000000e0900000, 0x00000000e0a00000, 0x00000000e0a00000|100%| O|  |TAMS 0x00000000e0900000| PB 0x00000000e0900000| Untracked 
|  10|0x00000000e0a00000, 0x00000000e0b00000, 0x00000000e0b00000|100%| O|  |TAMS 0x00000000e0a00000| PB 0x00000000e0a00000| Untracked 
|  11|0x00000000e0b00000, 0x00000000e0c00000, 0x00000000e0c00000|100%|HS|  |TAMS 0x00000000e0b00000| PB 0x00000000e0b00000| Complete 
|  12|0x00000000e0c00000, 0x00000000e0d00000, 0x00000000e0d00000|100%| O|  |TAMS 0x00000000e0c00000| PB 0x00000000e0c00000| Untracked 
|  13|0x00000000e0d00000, 0x00000000e0e00000, 0x00000000e0e00000|100%| O|  |TAMS 0x00000000e0d00000| PB 0x00000000e0d00000| Untracked 
|  14|0x00000000e0e00000, 0x00000000e0f00000, 0x00000000e0f00000|100%| O|  |TAMS 0x00000000e0e00000| PB 0x00000000e0e00000| Untracked 
|  15|0x00000000e0f00000, 0x00000000e1000000, 0x00000000e1000000|100%| O|  |TAMS 0x00000000e0f00000| PB 0x00000000e0f00000| Untracked 
|  16|0x00000000e1000000, 0x00000000e1100000, 0x00000000e1100000|100%| O|  |TAMS 0x00000000e1000000| PB 0x00000000e1000000| Untracked 
|  17|0x00000000e1100000, 0x00000000e1200000, 0x00000000e1200000|100%| O|  |TAMS 0x00000000e1100000| PB 0x00000000e1100000| Untracked 
|  18|0x00000000e1200000, 0x00000000e1300000, 0x00000000e1300000|100%| O|  |TAMS 0x00000000e1200000| PB 0x00000000e1200000| Untracked 
|  19|0x00000000e1300000, 0x00000000e1400000, 0x00000000e1400000|100%| O|  |TAMS 0x00000000e1300000| PB 0x00000000e1300000| Untracked 
|  20|0x00000000e1400000, 0x00000000e1500000, 0x00000000e1500000|100%| O|  |TAMS 0x00000000e1400000| PB 0x00000000e1400000| Untracked 
|  21|0x00000000e1500000, 0x00000000e1600000, 0x00000000e1600000|100%| O|  |TAMS 0x00000000e1500000| PB 0x00000000e1500000| Untracked 
|  22|0x00000000e1600000, 0x00000000e1700000, 0x00000000e1700000|100%| O|  |TAMS 0x00000000e1600000| PB 0x00000000e1600000| Untracked 
|  23|0x00000000e1700000, 0x00000000e1800000, 0x00000000e1800000|100%| O|Cm|TAMS 0x00000000e1700000| PB 0x00000000e1700000| Complete 
|  24|0x00000000e1800000, 0x00000000e189b7c0, 0x00000000e1900000| 60%| O|  |TAMS 0x00000000e1800000| PB 0x00000000e1800000| Untracked 
|  25|0x00000000e1900000, 0x00000000e1900000, 0x00000000e1a00000|  0%| F|  |TAMS 0x00000000e1900000| PB 0x00000000e1900000| Untracked 
|  26|0x00000000e1a00000, 0x00000000e1a00000, 0x00000000e1b00000|  0%| F|  |TAMS 0x00000000e1a00000| PB 0x00000000e1a00000| Untracked 
|  27|0x00000000e1b00000, 0x00000000e1b00000, 0x00000000e1c00000|  0%| F|  |TAMS 0x00000000e1b00000| PB 0x00000000e1b00000| Untracked 
|  28|0x00000000e1c00000, 0x00000000e1c00000, 0x00000000e1d00000|  0%| F|  |TAMS 0x00000000e1c00000| PB 0x00000000e1c00000| Untracked 
|  29|0x00000000e1d00000, 0x00000000e1d00000, 0x00000000e1e00000|  0%| F|  |TAMS 0x00000000e1d00000| PB 0x00000000e1d00000| Untracked 
|  30|0x00000000e1e00000, 0x00000000e1e00000, 0x00000000e1f00000|  0%| F|  |TAMS 0x00000000e1e00000| PB 0x00000000e1e00000| Untracked 
|  31|0x00000000e1f00000, 0x00000000e1f00000, 0x00000000e2000000|  0%| F|  |TAMS 0x00000000e1f00000| PB 0x00000000e1f00000| Untracked 
|  32|0x00000000e2000000, 0x00000000e2000000, 0x00000000e2100000|  0%| F|  |TAMS 0x00000000e2000000| PB 0x00000000e2000000| Untracked 
|  33|0x00000000e2100000, 0x00000000e2100000, 0x00000000e2200000|  0%| F|  |TAMS 0x00000000e2100000| PB 0x00000000e2100000| Untracked 
|  34|0x00000000e2200000, 0x00000000e2200000, 0x00000000e2300000|  0%| F|  |TAMS 0x00000000e2200000| PB 0x00000000e2200000| Untracked 
|  35|0x00000000e2300000, 0x00000000e2300000, 0x00000000e2400000|  0%| F|  |TAMS 0x00000000e2300000| PB 0x00000000e2300000| Untracked 
|  36|0x00000000e2400000, 0x00000000e2400000, 0x00000000e2500000|  0%| F|  |TAMS 0x00000000e2400000| PB 0x00000000e2400000| Untracked 
|  37|0x00000000e2500000, 0x00000000e2500000, 0x00000000e2600000|  0%| F|  |TAMS 0x00000000e2500000| PB 0x00000000e2500000| Untracked 
|  38|0x00000000e2600000, 0x00000000e2600000, 0x00000000e2700000|  0%| F|  |TAMS 0x00000000e2600000| PB 0x00000000e2600000| Untracked 
|  39|0x00000000e2700000, 0x00000000e2700000, 0x00000000e2800000|  0%| F|  |TAMS 0x00000000e2700000| PB 0x00000000e2700000| Untracked 
|  40|0x00000000e2800000, 0x00000000e2800000, 0x00000000e2900000|  0%| F|  |TAMS 0x00000000e2800000| PB 0x00000000e2800000| Untracked 
|  41|0x00000000e2900000, 0x00000000e2900000, 0x00000000e2a00000|  0%| F|  |TAMS 0x00000000e2900000| PB 0x00000000e2900000| Untracked 
|  42|0x00000000e2a00000, 0x00000000e2a00000, 0x00000000e2b00000|  0%| F|  |TAMS 0x00000000e2a00000| PB 0x00000000e2a00000| Untracked 
|  43|0x00000000e2b00000, 0x00000000e2b00000, 0x00000000e2c00000|  0%| F|  |TAMS 0x00000000e2b00000| PB 0x00000000e2b00000| Untracked 
|  44|0x00000000e2c00000, 0x00000000e2c00000, 0x00000000e2d00000|  0%| F|  |TAMS 0x00000000e2c00000| PB 0x00000000e2c00000| Untracked 
|  45|0x00000000e2d00000, 0x00000000e2d00000, 0x00000000e2e00000|  0%| F|  |TAMS 0x00000000e2d00000| PB 0x00000000e2d00000| Untracked 
|  46|0x00000000e2e00000, 0x00000000e2e00000, 0x00000000e2f00000|  0%| F|  |TAMS 0x00000000e2e00000| PB 0x00000000e2e00000| Untracked 
|  47|0x00000000e2f00000, 0x00000000e2f00000, 0x00000000e3000000|  0%| F|  |TAMS 0x00000000e2f00000| PB 0x00000000e2f00000| Untracked 
|  48|0x00000000e3000000, 0x00000000e3000000, 0x00000000e3100000|  0%| F|  |TAMS 0x00000000e3000000| PB 0x00000000e3000000| Untracked 
|  49|0x00000000e3100000, 0x00000000e3100000, 0x00000000e3200000|  0%| F|  |TAMS 0x00000000e3100000| PB 0x00000000e3100000| Untracked 
|  50|0x00000000e3200000, 0x00000000e3200000, 0x00000000e3300000|  0%| F|  |TAMS 0x00000000e3200000| PB 0x00000000e3200000| Untracked 
|  51|0x00000000e3300000, 0x00000000e3300000, 0x00000000e3400000|  0%| F|  |TAMS 0x00000000e3300000| PB 0x00000000e3300000| Untracked 
|  52|0x00000000e3400000, 0x00000000e3400000, 0x00000000e3500000|  0%| F|  |TAMS 0x00000000e3400000| PB 0x00000000e3400000| Untracked 
|  53|0x00000000e3500000, 0x00000000e3500000, 0x00000000e3600000|  0%| F|  |TAMS 0x00000000e3500000| PB 0x00000000e3500000| Untracked 
|  54|0x00000000e3600000, 0x00000000e3600000, 0x00000000e3700000|  0%| F|  |TAMS 0x00000000e3600000| PB 0x00000000e3600000| Untracked 
|  55|0x00000000e3700000, 0x00000000e3700000, 0x00000000e3800000|  0%| F|  |TAMS 0x00000000e3700000| PB 0x00000000e3700000| Untracked 
|  56|0x00000000e3800000, 0x00000000e3800000, 0x00000000e3900000|  0%| F|  |TAMS 0x00000000e3800000| PB 0x00000000e3800000| Untracked 
|  57|0x00000000e3900000, 0x00000000e3900000, 0x00000000e3a00000|  0%| F|  |TAMS 0x00000000e3900000| PB 0x00000000e3900000| Untracked 
|  58|0x00000000e3a00000, 0x00000000e3a00000, 0x00000000e3b00000|  0%| F|  |TAMS 0x00000000e3a00000| PB 0x00000000e3a00000| Untracked 
|  59|0x00000000e3b00000, 0x00000000e3b00000, 0x00000000e3c00000|  0%| F|  |TAMS 0x00000000e3b00000| PB 0x00000000e3b00000| Untracked 
|  60|0x00000000e3c00000, 0x00000000e3c00000, 0x00000000e3d00000|  0%| F|  |TAMS 0x00000000e3c00000| PB 0x00000000e3c00000| Untracked 
|  61|0x00000000e3d00000, 0x00000000e3d00000, 0x00000000e3e00000|  0%| F|  |TAMS 0x00000000e3d00000| PB 0x00000000e3d00000| Untracked 
|  62|0x00000000e3e00000, 0x00000000e3e00000, 0x00000000e3f00000|  0%| F|  |TAMS 0x00000000e3e00000| PB 0x00000000e3e00000| Untracked 
|  63|0x00000000e3f00000, 0x00000000e3f00000, 0x00000000e4000000|  0%| F|  |TAMS 0x00000000e3f00000| PB 0x00000000e3f00000| Untracked 
|  64|0x00000000e4000000, 0x00000000e4000000, 0x00000000e4100000|  0%| F|  |TAMS 0x00000000e4000000| PB 0x00000000e4000000| Untracked 
|  65|0x00000000e4100000, 0x00000000e4100000, 0x00000000e4200000|  0%| F|  |TAMS 0x00000000e4100000| PB 0x00000000e4100000| Untracked 
|  66|0x00000000e4200000, 0x00000000e4200000, 0x00000000e4300000|  0%| F|  |TAMS 0x00000000e4200000| PB 0x00000000e4200000| Untracked 
|  67|0x00000000e4300000, 0x00000000e4300000, 0x00000000e4400000|  0%| F|  |TAMS 0x00000000e4300000| PB 0x00000000e4300000| Untracked 
|  68|0x00000000e4400000, 0x00000000e4400000, 0x00000000e4500000|  0%| F|  |TAMS 0x00000000e4400000| PB 0x00000000e4400000| Untracked 
|  69|0x00000000e4500000, 0x00000000e4500000, 0x00000000e4600000|  0%| F|  |TAMS 0x00000000e4500000| PB 0x00000000e4500000| Untracked 
|  70|0x00000000e4600000, 0x00000000e4600000, 0x00000000e4700000|  0%| F|  |TAMS 0x00000000e4600000| PB 0x00000000e4600000| Untracked 
|  71|0x00000000e4700000, 0x00000000e4700000, 0x00000000e4800000|  0%| F|  |TAMS 0x00000000e4700000| PB 0x00000000e4700000| Untracked 
|  72|0x00000000e4800000, 0x00000000e4800000, 0x00000000e4900000|  0%| F|  |TAMS 0x00000000e4800000| PB 0x00000000e4800000| Untracked 
|  73|0x00000000e4900000, 0x00000000e4900000, 0x00000000e4a00000|  0%| F|  |TAMS 0x00000000e4900000| PB 0x00000000e4900000| Untracked 
|  74|0x00000000e4a00000, 0x00000000e4a00000, 0x00000000e4b00000|  0%| F|  |TAMS 0x00000000e4a00000| PB 0x00000000e4a00000| Untracked 
|  75|0x00000000e4b00000, 0x00000000e4b00000, 0x00000000e4c00000|  0%| F|  |TAMS 0x00000000e4b00000| PB 0x00000000e4b00000| Untracked 
|  76|0x00000000e4c00000, 0x00000000e4c00000, 0x00000000e4d00000|  0%| F|  |TAMS 0x00000000e4c00000| PB 0x00000000e4c00000| Untracked 
|  77|0x00000000e4d00000, 0x00000000e4d00000, 0x00000000e4e00000|  0%| F|  |TAMS 0x00000000e4d00000| PB 0x00000000e4d00000| Untracked 
|  78|0x00000000e4e00000, 0x00000000e4e00000, 0x00000000e4f00000|  0%| F|  |TAMS 0x00000000e4e00000| PB 0x00000000e4e00000| Untracked 
|  79|0x00000000e4f00000, 0x00000000e4f00000, 0x00000000e5000000|  0%| F|  |TAMS 0x00000000e4f00000| PB 0x00000000e4f00000| Untracked 
|  80|0x00000000e5000000, 0x00000000e5000000, 0x00000000e5100000|  0%| F|  |TAMS 0x00000000e5000000| PB 0x00000000e5000000| Untracked 
|  81|0x00000000e5100000, 0x00000000e5100000, 0x00000000e5200000|  0%| F|  |TAMS 0x00000000e5100000| PB 0x00000000e5100000| Untracked 
|  82|0x00000000e5200000, 0x00000000e5200000, 0x00000000e5300000|  0%| F|  |TAMS 0x00000000e5200000| PB 0x00000000e5200000| Untracked 
|  83|0x00000000e5300000, 0x00000000e5300000, 0x00000000e5400000|  0%| F|  |TAMS 0x00000000e5300000| PB 0x00000000e5300000| Untracked 
|  84|0x00000000e5400000, 0x00000000e5400000, 0x00000000e5500000|  0%| F|  |TAMS 0x00000000e5400000| PB 0x00000000e5400000| Untracked 
|  85|0x00000000e5500000, 0x00000000e5592220, 0x00000000e5600000| 57%| S|CS|TAMS 0x00000000e5500000| PB 0x00000000e5500000| Complete 
|  86|0x00000000e5600000, 0x00000000e5700000, 0x00000000e5700000|100%| S|CS|TAMS 0x00000000e5600000| PB 0x00000000e5600000| Complete 
|  87|0x00000000e5700000, 0x00000000e5800000, 0x00000000e5800000|100%| S|CS|TAMS 0x00000000e5700000| PB 0x00000000e5700000| Complete 
|  88|0x00000000e5800000, 0x00000000e5900000, 0x00000000e5900000|100%| S|CS|TAMS 0x00000000e5800000| PB 0x00000000e5800000| Complete 
|  89|0x00000000e5900000, 0x00000000e5a00000, 0x00000000e5a00000|100%| S|CS|TAMS 0x00000000e5900000| PB 0x00000000e5900000| Complete 
|  90|0x00000000e5a00000, 0x00000000e5b00000, 0x00000000e5b00000|100%| S|CS|TAMS 0x00000000e5a00000| PB 0x00000000e5a00000| Complete 
|  91|0x00000000e5b00000, 0x00000000e5c00000, 0x00000000e5c00000|100%| S|CS|TAMS 0x00000000e5b00000| PB 0x00000000e5b00000| Complete 
|  92|0x00000000e5c00000, 0x00000000e5d00000, 0x00000000e5d00000|100%| S|CS|TAMS 0x00000000e5c00000| PB 0x00000000e5c00000| Complete 
|  93|0x00000000e5d00000, 0x00000000e5e00000, 0x00000000e5e00000|100%| S|CS|TAMS 0x00000000e5d00000| PB 0x00000000e5d00000| Complete 
|  94|0x00000000e5e00000, 0x00000000e5f00000, 0x00000000e5f00000|100%| S|CS|TAMS 0x00000000e5e00000| PB 0x00000000e5e00000| Complete 
|  95|0x00000000e5f00000, 0x00000000e6000000, 0x00000000e6000000|100%| S|CS|TAMS 0x00000000e5f00000| PB 0x00000000e5f00000| Complete 
|  96|0x00000000e6000000, 0x00000000e6100000, 0x00000000e6100000|100%| S|CS|TAMS 0x00000000e6000000| PB 0x00000000e6000000| Complete 
|  97|0x00000000e6100000, 0x00000000e6200000, 0x00000000e6200000|100%| S|CS|TAMS 0x00000000e6100000| PB 0x00000000e6100000| Complete 
|  98|0x00000000e6200000, 0x00000000e6300000, 0x00000000e6300000|100%| S|CS|TAMS 0x00000000e6200000| PB 0x00000000e6200000| Complete 
|  99|0x00000000e6300000, 0x00000000e6400000, 0x00000000e6400000|100%| S|CS|TAMS 0x00000000e6300000| PB 0x00000000e6300000| Complete 
| 100|0x00000000e6400000, 0x00000000e6500000, 0x00000000e6500000|100%| S|CS|TAMS 0x00000000e6400000| PB 0x00000000e6400000| Complete 
| 101|0x00000000e6500000, 0x00000000e6600000, 0x00000000e6600000|100%| S|CS|TAMS 0x00000000e6500000| PB 0x00000000e6500000| Complete 
| 102|0x00000000e6600000, 0x00000000e6700000, 0x00000000e6700000|100%| S|CS|TAMS 0x00000000e6600000| PB 0x00000000e6600000| Complete 
| 103|0x00000000e6700000, 0x00000000e6700000, 0x00000000e6800000|  0%| F|  |TAMS 0x00000000e6700000| PB 0x00000000e6700000| Untracked 
| 104|0x00000000e6800000, 0x00000000e6800000, 0x00000000e6900000|  0%| F|  |TAMS 0x00000000e6800000| PB 0x00000000e6800000| Untracked 
| 105|0x00000000e6900000, 0x00000000e6900000, 0x00000000e6a00000|  0%| F|  |TAMS 0x00000000e6900000| PB 0x00000000e6900000| Untracked 
| 106|0x00000000e6a00000, 0x00000000e6a00000, 0x00000000e6b00000|  0%| F|  |TAMS 0x00000000e6a00000| PB 0x00000000e6a00000| Untracked 
| 107|0x00000000e6b00000, 0x00000000e6b00000, 0x00000000e6c00000|  0%| F|  |TAMS 0x00000000e6b00000| PB 0x00000000e6b00000| Untracked 
| 108|0x00000000e6c00000, 0x00000000e6c00000, 0x00000000e6d00000|  0%| F|  |TAMS 0x00000000e6c00000| PB 0x00000000e6c00000| Untracked 
| 109|0x00000000e6d00000, 0x00000000e6d00000, 0x00000000e6e00000|  0%| F|  |TAMS 0x00000000e6d00000| PB 0x00000000e6d00000| Untracked 
| 110|0x00000000e6e00000, 0x00000000e6e00000, 0x00000000e6f00000|  0%| F|  |TAMS 0x00000000e6e00000| PB 0x00000000e6e00000| Untracked 
| 111|0x00000000e6f00000, 0x00000000e6f00000, 0x00000000e7000000|  0%| F|  |TAMS 0x00000000e6f00000| PB 0x00000000e6f00000| Untracked 
| 112|0x00000000e7000000, 0x00000000e7000000, 0x00000000e7100000|  0%| F|  |TAMS 0x00000000e7000000| PB 0x00000000e7000000| Untracked 
| 113|0x00000000e7100000, 0x00000000e7100000, 0x00000000e7200000|  0%| F|  |TAMS 0x00000000e7100000| PB 0x00000000e7100000| Untracked 
| 114|0x00000000e7200000, 0x00000000e7200000, 0x00000000e7300000|  0%| F|  |TAMS 0x00000000e7200000| PB 0x00000000e7200000| Untracked 
| 115|0x00000000e7300000, 0x00000000e7300000, 0x00000000e7400000|  0%| F|  |TAMS 0x00000000e7300000| PB 0x00000000e7300000| Untracked 
| 116|0x00000000e7400000, 0x00000000e7400000, 0x00000000e7500000|  0%| F|  |TAMS 0x00000000e7400000| PB 0x00000000e7400000| Untracked 
| 117|0x00000000e7500000, 0x00000000e7500000, 0x00000000e7600000|  0%| F|  |TAMS 0x00000000e7500000| PB 0x00000000e7500000| Untracked 
| 118|0x00000000e7600000, 0x00000000e7600000, 0x00000000e7700000|  0%| F|  |TAMS 0x00000000e7600000| PB 0x00000000e7600000| Untracked 
| 119|0x00000000e7700000, 0x00000000e7700000, 0x00000000e7800000|  0%| F|  |TAMS 0x00000000e7700000| PB 0x00000000e7700000| Untracked 
| 120|0x00000000e7800000, 0x00000000e7800000, 0x00000000e7900000|  0%| F|  |TAMS 0x00000000e7800000| PB 0x00000000e7800000| Untracked 
| 121|0x00000000e7900000, 0x00000000e7900000, 0x00000000e7a00000|  0%| F|  |TAMS 0x00000000e7900000| PB 0x00000000e7900000| Untracked 
| 122|0x00000000e7a00000, 0x00000000e7a00000, 0x00000000e7b00000|  0%| F|  |TAMS 0x00000000e7a00000| PB 0x00000000e7a00000| Untracked 
| 123|0x00000000e7b00000, 0x00000000e7b00000, 0x00000000e7c00000|  0%| F|  |TAMS 0x00000000e7b00000| PB 0x00000000e7b00000| Untracked 
| 124|0x00000000e7c00000, 0x00000000e7c00000, 0x00000000e7d00000|  0%| F|  |TAMS 0x00000000e7c00000| PB 0x00000000e7c00000| Untracked 
| 125|0x00000000e7d00000, 0x00000000e7d00000, 0x00000000e7e00000|  0%| F|  |TAMS 0x00000000e7d00000| PB 0x00000000e7d00000| Untracked 
| 126|0x00000000e7e00000, 0x00000000e7e00000, 0x00000000e7f00000|  0%| F|  |TAMS 0x00000000e7e00000| PB 0x00000000e7e00000| Untracked 
| 127|0x00000000e7f00000, 0x00000000e7f00000, 0x00000000e8000000|  0%| F|  |TAMS 0x00000000e7f00000| PB 0x00000000e7f00000| Untracked 
| 128|0x00000000e8000000, 0x00000000e8000000, 0x00000000e8100000|  0%| F|  |TAMS 0x00000000e8000000| PB 0x00000000e8000000| Untracked 
| 129|0x00000000e8100000, 0x00000000e8100000, 0x00000000e8200000|  0%| F|  |TAMS 0x00000000e8100000| PB 0x00000000e8100000| Untracked 
| 130|0x00000000e8200000, 0x00000000e8200000, 0x00000000e8300000|  0%| F|  |TAMS 0x00000000e8200000| PB 0x00000000e8200000| Untracked 
| 131|0x00000000e8300000, 0x00000000e8300000, 0x00000000e8400000|  0%| F|  |TAMS 0x00000000e8300000| PB 0x00000000e8300000| Untracked 
| 132|0x00000000e8400000, 0x00000000e8400000, 0x00000000e8500000|  0%| F|  |TAMS 0x00000000e8400000| PB 0x00000000e8400000| Untracked 
| 133|0x00000000e8500000, 0x00000000e8500000, 0x00000000e8600000|  0%| F|  |TAMS 0x00000000e8500000| PB 0x00000000e8500000| Untracked 
| 134|0x00000000e8600000, 0x00000000e8600000, 0x00000000e8700000|  0%| F|  |TAMS 0x00000000e8600000| PB 0x00000000e8600000| Untracked 
| 135|0x00000000e8700000, 0x00000000e8700000, 0x00000000e8800000|  0%| F|  |TAMS 0x00000000e8700000| PB 0x00000000e8700000| Untracked 
| 136|0x00000000e8800000, 0x00000000e8800000, 0x00000000e8900000|  0%| F|  |TAMS 0x00000000e8800000| PB 0x00000000e8800000| Untracked 
| 137|0x00000000e8900000, 0x00000000e8900000, 0x00000000e8a00000|  0%| F|  |TAMS 0x00000000e8900000| PB 0x00000000e8900000| Untracked 
| 138|0x00000000e8a00000, 0x00000000e8a00000, 0x00000000e8b00000|  0%| F|  |TAMS 0x00000000e8a00000| PB 0x00000000e8a00000| Untracked 
| 139|0x00000000e8b00000, 0x00000000e8b00000, 0x00000000e8c00000|  0%| F|  |TAMS 0x00000000e8b00000| PB 0x00000000e8b00000| Untracked 
| 140|0x00000000e8c00000, 0x00000000e8c00000, 0x00000000e8d00000|  0%| F|  |TAMS 0x00000000e8c00000| PB 0x00000000e8c00000| Untracked 
| 141|0x00000000e8d00000, 0x00000000e8d00000, 0x00000000e8e00000|  0%| F|  |TAMS 0x00000000e8d00000| PB 0x00000000e8d00000| Untracked 
| 142|0x00000000e8e00000, 0x00000000e8e00000, 0x00000000e8f00000|  0%| F|  |TAMS 0x00000000e8e00000| PB 0x00000000e8e00000| Untracked 
| 143|0x00000000e8f00000, 0x00000000e8f00000, 0x00000000e9000000|  0%| F|  |TAMS 0x00000000e8f00000| PB 0x00000000e8f00000| Untracked 
| 144|0x00000000e9000000, 0x00000000e9000000, 0x00000000e9100000|  0%| F|  |TAMS 0x00000000e9000000| PB 0x00000000e9000000| Untracked 
| 145|0x00000000e9100000, 0x00000000e9100000, 0x00000000e9200000|  0%| F|  |TAMS 0x00000000e9100000| PB 0x00000000e9100000| Untracked 
| 146|0x00000000e9200000, 0x00000000e9200000, 0x00000000e9300000|  0%| F|  |TAMS 0x00000000e9200000| PB 0x00000000e9200000| Untracked 
| 147|0x00000000e9300000, 0x00000000e9300000, 0x00000000e9400000|  0%| F|  |TAMS 0x00000000e9300000| PB 0x00000000e9300000| Untracked 
| 148|0x00000000e9400000, 0x00000000e9400000, 0x00000000e9500000|  0%| F|  |TAMS 0x00000000e9400000| PB 0x00000000e9400000| Untracked 
| 149|0x00000000e9500000, 0x00000000e9500000, 0x00000000e9600000|  0%| F|  |TAMS 0x00000000e9500000| PB 0x00000000e9500000| Untracked 
| 150|0x00000000e9600000, 0x00000000e9600000, 0x00000000e9700000|  0%| F|  |TAMS 0x00000000e9600000| PB 0x00000000e9600000| Untracked 
| 151|0x00000000e9700000, 0x00000000e9700000, 0x00000000e9800000|  0%| F|  |TAMS 0x00000000e9700000| PB 0x00000000e9700000| Untracked 
| 152|0x00000000e9800000, 0x00000000e9800000, 0x00000000e9900000|  0%| F|  |TAMS 0x00000000e9800000| PB 0x00000000e9800000| Untracked 
| 153|0x00000000e9900000, 0x00000000e9900000, 0x00000000e9a00000|  0%| F|  |TAMS 0x00000000e9900000| PB 0x00000000e9900000| Untracked 
| 154|0x00000000e9a00000, 0x00000000e9a00000, 0x00000000e9b00000|  0%| F|  |TAMS 0x00000000e9a00000| PB 0x00000000e9a00000| Untracked 
| 155|0x00000000e9b00000, 0x00000000e9c00000, 0x00000000e9c00000|100%| E|  |TAMS 0x00000000e9b00000| PB 0x00000000e9b00000| Complete 
| 156|0x00000000e9c00000, 0x00000000e9d00000, 0x00000000e9d00000|100%| E|CS|TAMS 0x00000000e9c00000| PB 0x00000000e9c00000| Complete 
| 157|0x00000000e9d00000, 0x00000000e9e00000, 0x00000000e9e00000|100%| E|CS|TAMS 0x00000000e9d00000| PB 0x00000000e9d00000| Complete 
| 158|0x00000000e9e00000, 0x00000000e9f00000, 0x00000000e9f00000|100%| E|CS|TAMS 0x00000000e9e00000| PB 0x00000000e9e00000| Complete 
| 159|0x00000000e9f00000, 0x00000000ea000000, 0x00000000ea000000|100%| E|CS|TAMS 0x00000000e9f00000| PB 0x00000000e9f00000| Complete 
| 160|0x00000000ea000000, 0x00000000ea100000, 0x00000000ea100000|100%| E|CS|TAMS 0x00000000ea000000| PB 0x00000000ea000000| Complete 
| 161|0x00000000ea100000, 0x00000000ea200000, 0x00000000ea200000|100%| E|CS|TAMS 0x00000000ea100000| PB 0x00000000ea100000| Complete 
| 162|0x00000000ea200000, 0x00000000ea300000, 0x00000000ea300000|100%| E|CS|TAMS 0x00000000ea200000| PB 0x00000000ea200000| Complete 
| 163|0x00000000ea300000, 0x00000000ea400000, 0x00000000ea400000|100%| E|CS|TAMS 0x00000000ea300000| PB 0x00000000ea300000| Complete 
| 164|0x00000000ea400000, 0x00000000ea500000, 0x00000000ea500000|100%| E|CS|TAMS 0x00000000ea400000| PB 0x00000000ea400000| Complete 
| 165|0x00000000ea500000, 0x00000000ea600000, 0x00000000ea600000|100%| E|CS|TAMS 0x00000000ea500000| PB 0x00000000ea500000| Complete 
| 166|0x00000000ea600000, 0x00000000ea700000, 0x00000000ea700000|100%| E|CS|TAMS 0x00000000ea600000| PB 0x00000000ea600000| Complete 
| 167|0x00000000ea700000, 0x00000000ea800000, 0x00000000ea800000|100%| E|CS|TAMS 0x00000000ea700000| PB 0x00000000ea700000| Complete 
| 168|0x00000000ea800000, 0x00000000ea900000, 0x00000000ea900000|100%| E|CS|TAMS 0x00000000ea800000| PB 0x00000000ea800000| Complete 
| 169|0x00000000ea900000, 0x00000000eaa00000, 0x00000000eaa00000|100%| E|CS|TAMS 0x00000000ea900000| PB 0x00000000ea900000| Complete 
| 170|0x00000000eaa00000, 0x00000000eab00000, 0x00000000eab00000|100%| E|CS|TAMS 0x00000000eaa00000| PB 0x00000000eaa00000| Complete 
| 171|0x00000000eab00000, 0x00000000eac00000, 0x00000000eac00000|100%| E|CS|TAMS 0x00000000eab00000| PB 0x00000000eab00000| Complete 
| 172|0x00000000eac00000, 0x00000000ead00000, 0x00000000ead00000|100%| E|CS|TAMS 0x00000000eac00000| PB 0x00000000eac00000| Complete 
| 173|0x00000000ead00000, 0x00000000eae00000, 0x00000000eae00000|100%| E|CS|TAMS 0x00000000ead00000| PB 0x00000000ead00000| Complete 
| 174|0x00000000eae00000, 0x00000000eaf00000, 0x00000000eaf00000|100%| E|CS|TAMS 0x00000000eae00000| PB 0x00000000eae00000| Complete 
| 175|0x00000000eaf00000, 0x00000000eb000000, 0x00000000eb000000|100%| E|CS|TAMS 0x00000000eaf00000| PB 0x00000000eaf00000| Complete 
| 176|0x00000000eb000000, 0x00000000eb100000, 0x00000000eb100000|100%| E|CS|TAMS 0x00000000eb000000| PB 0x00000000eb000000| Complete 
| 177|0x00000000eb100000, 0x00000000eb200000, 0x00000000eb200000|100%| E|CS|TAMS 0x00000000eb100000| PB 0x00000000eb100000| Complete 
| 178|0x00000000eb200000, 0x00000000eb300000, 0x00000000eb300000|100%| E|CS|TAMS 0x00000000eb200000| PB 0x00000000eb200000| Complete 
| 179|0x00000000eb300000, 0x00000000eb400000, 0x00000000eb400000|100%| E|CS|TAMS 0x00000000eb300000| PB 0x00000000eb300000| Complete 
| 180|0x00000000eb400000, 0x00000000eb500000, 0x00000000eb500000|100%| E|CS|TAMS 0x00000000eb400000| PB 0x00000000eb400000| Complete 
| 181|0x00000000eb500000, 0x00000000eb600000, 0x00000000eb600000|100%| E|CS|TAMS 0x00000000eb500000| PB 0x00000000eb500000| Complete 
| 182|0x00000000eb600000, 0x00000000eb700000, 0x00000000eb700000|100%| E|CS|TAMS 0x00000000eb600000| PB 0x00000000eb600000| Complete 
| 183|0x00000000eb700000, 0x00000000eb800000, 0x00000000eb800000|100%| E|CS|TAMS 0x00000000eb700000| PB 0x00000000eb700000| Complete 
| 184|0x00000000eb800000, 0x00000000eb900000, 0x00000000eb900000|100%| E|CS|TAMS 0x00000000eb800000| PB 0x00000000eb800000| Complete 
| 185|0x00000000eb900000, 0x00000000eba00000, 0x00000000eba00000|100%| E|CS|TAMS 0x00000000eb900000| PB 0x00000000eb900000| Complete 
| 186|0x00000000eba00000, 0x00000000ebb00000, 0x00000000ebb00000|100%| E|CS|TAMS 0x00000000eba00000| PB 0x00000000eba00000| Complete 
| 187|0x00000000ebb00000, 0x00000000ebc00000, 0x00000000ebc00000|100%| E|CS|TAMS 0x00000000ebb00000| PB 0x00000000ebb00000| Complete 
| 188|0x00000000ebc00000, 0x00000000ebd00000, 0x00000000ebd00000|100%| E|CS|TAMS 0x00000000ebc00000| PB 0x00000000ebc00000| Complete 
| 189|0x00000000ebd00000, 0x00000000ebe00000, 0x00000000ebe00000|100%| E|CS|TAMS 0x00000000ebd00000| PB 0x00000000ebd00000| Complete 
| 190|0x00000000ebe00000, 0x00000000ebf00000, 0x00000000ebf00000|100%| E|CS|TAMS 0x00000000ebe00000| PB 0x00000000ebe00000| Complete 
| 191|0x00000000ebf00000, 0x00000000ec000000, 0x00000000ec000000|100%| E|CS|TAMS 0x00000000ebf00000| PB 0x00000000ebf00000| Complete 
| 192|0x00000000ec000000, 0x00000000ec100000, 0x00000000ec100000|100%| E|CS|TAMS 0x00000000ec000000| PB 0x00000000ec000000| Complete 
| 193|0x00000000ec100000, 0x00000000ec200000, 0x00000000ec200000|100%| E|CS|TAMS 0x00000000ec100000| PB 0x00000000ec100000| Complete 
| 194|0x00000000ec200000, 0x00000000ec300000, 0x00000000ec300000|100%| E|CS|TAMS 0x00000000ec200000| PB 0x00000000ec200000| Complete 
| 195|0x00000000ec300000, 0x00000000ec400000, 0x00000000ec400000|100%| E|CS|TAMS 0x00000000ec300000| PB 0x00000000ec300000| Complete 
| 196|0x00000000ec400000, 0x00000000ec500000, 0x00000000ec500000|100%| E|CS|TAMS 0x00000000ec400000| PB 0x00000000ec400000| Complete 
| 197|0x00000000ec500000, 0x00000000ec600000, 0x00000000ec600000|100%| E|CS|TAMS 0x00000000ec500000| PB 0x00000000ec500000| Complete 
| 198|0x00000000ec600000, 0x00000000ec700000, 0x00000000ec700000|100%| E|CS|TAMS 0x00000000ec600000| PB 0x00000000ec600000| Complete 
| 199|0x00000000ec700000, 0x00000000ec800000, 0x00000000ec800000|100%| E|CS|TAMS 0x00000000ec700000| PB 0x00000000ec700000| Complete 
| 200|0x00000000ec800000, 0x00000000ec900000, 0x00000000ec900000|100%| E|CS|TAMS 0x00000000ec800000| PB 0x00000000ec800000| Complete 
| 201|0x00000000ec900000, 0x00000000eca00000, 0x00000000eca00000|100%| E|CS|TAMS 0x00000000ec900000| PB 0x00000000ec900000| Complete 
| 202|0x00000000eca00000, 0x00000000ecb00000, 0x00000000ecb00000|100%| E|CS|TAMS 0x00000000eca00000| PB 0x00000000eca00000| Complete 
| 203|0x00000000ecb00000, 0x00000000ecc00000, 0x00000000ecc00000|100%| E|CS|TAMS 0x00000000ecb00000| PB 0x00000000ecb00000| Complete 
| 204|0x00000000ecc00000, 0x00000000ecd00000, 0x00000000ecd00000|100%| E|CS|TAMS 0x00000000ecc00000| PB 0x00000000ecc00000| Complete 
| 205|0x00000000ecd00000, 0x00000000ece00000, 0x00000000ece00000|100%| E|CS|TAMS 0x00000000ecd00000| PB 0x00000000ecd00000| Complete 
| 206|0x00000000ece00000, 0x00000000ecf00000, 0x00000000ecf00000|100%| E|CS|TAMS 0x00000000ece00000| PB 0x00000000ece00000| Complete 
| 207|0x00000000ecf00000, 0x00000000ed000000, 0x00000000ed000000|100%| E|CS|TAMS 0x00000000ecf00000| PB 0x00000000ecf00000| Complete 
| 208|0x00000000ed000000, 0x00000000ed100000, 0x00000000ed100000|100%| E|CS|TAMS 0x00000000ed000000| PB 0x00000000ed000000| Complete 
| 209|0x00000000ed100000, 0x00000000ed200000, 0x00000000ed200000|100%| E|CS|TAMS 0x00000000ed100000| PB 0x00000000ed100000| Complete 
| 210|0x00000000ed200000, 0x00000000ed300000, 0x00000000ed300000|100%| E|CS|TAMS 0x00000000ed200000| PB 0x00000000ed200000| Complete 
| 211|0x00000000ed300000, 0x00000000ed400000, 0x00000000ed400000|100%| E|CS|TAMS 0x00000000ed300000| PB 0x00000000ed300000| Complete 
| 212|0x00000000ed400000, 0x00000000ed500000, 0x00000000ed500000|100%| E|CS|TAMS 0x00000000ed400000| PB 0x00000000ed400000| Complete 
| 213|0x00000000ed500000, 0x00000000ed600000, 0x00000000ed600000|100%| E|CS|TAMS 0x00000000ed500000| PB 0x00000000ed500000| Complete 
| 214|0x00000000ed600000, 0x00000000ed700000, 0x00000000ed700000|100%| E|CS|TAMS 0x00000000ed600000| PB 0x00000000ed600000| Complete 
| 215|0x00000000ed700000, 0x00000000ed800000, 0x00000000ed800000|100%| E|CS|TAMS 0x00000000ed700000| PB 0x00000000ed700000| Complete 
| 216|0x00000000ed800000, 0x00000000ed900000, 0x00000000ed900000|100%| E|CS|TAMS 0x00000000ed800000| PB 0x00000000ed800000| Complete 
| 217|0x00000000ed900000, 0x00000000eda00000, 0x00000000eda00000|100%| E|CS|TAMS 0x00000000ed900000| PB 0x00000000ed900000| Complete 
| 218|0x00000000eda00000, 0x00000000edb00000, 0x00000000edb00000|100%| E|CS|TAMS 0x00000000eda00000| PB 0x00000000eda00000| Complete 
| 219|0x00000000edb00000, 0x00000000edc00000, 0x00000000edc00000|100%| E|CS|TAMS 0x00000000edb00000| PB 0x00000000edb00000| Complete 
| 220|0x00000000edc00000, 0x00000000edd00000, 0x00000000edd00000|100%| E|CS|TAMS 0x00000000edc00000| PB 0x00000000edc00000| Complete 
| 221|0x00000000edd00000, 0x00000000ede00000, 0x00000000ede00000|100%| E|CS|TAMS 0x00000000edd00000| PB 0x00000000edd00000| Complete 
| 222|0x00000000ede00000, 0x00000000edf00000, 0x00000000edf00000|100%| E|CS|TAMS 0x00000000ede00000| PB 0x00000000ede00000| Complete 
| 223|0x00000000edf00000, 0x00000000ee000000, 0x00000000ee000000|100%| E|CS|TAMS 0x00000000edf00000| PB 0x00000000edf00000| Complete 
| 224|0x00000000ee000000, 0x00000000ee100000, 0x00000000ee100000|100%| E|CS|TAMS 0x00000000ee000000| PB 0x00000000ee000000| Complete 
| 225|0x00000000ee100000, 0x00000000ee200000, 0x00000000ee200000|100%| E|CS|TAMS 0x00000000ee100000| PB 0x00000000ee100000| Complete 
| 226|0x00000000ee200000, 0x00000000ee300000, 0x00000000ee300000|100%| E|CS|TAMS 0x00000000ee200000| PB 0x00000000ee200000| Complete 
| 227|0x00000000ee300000, 0x00000000ee400000, 0x00000000ee400000|100%| E|CS|TAMS 0x00000000ee300000| PB 0x00000000ee300000| Complete 
| 228|0x00000000ee400000, 0x00000000ee500000, 0x00000000ee500000|100%| E|CS|TAMS 0x00000000ee400000| PB 0x00000000ee400000| Complete 
| 229|0x00000000ee500000, 0x00000000ee600000, 0x00000000ee600000|100%| E|CS|TAMS 0x00000000ee500000| PB 0x00000000ee500000| Complete 
| 230|0x00000000ee600000, 0x00000000ee700000, 0x00000000ee700000|100%| E|CS|TAMS 0x00000000ee600000| PB 0x00000000ee600000| Complete 
| 231|0x00000000ee700000, 0x00000000ee800000, 0x00000000ee800000|100%| E|CS|TAMS 0x00000000ee700000| PB 0x00000000ee700000| Complete 
| 232|0x00000000ee800000, 0x00000000ee900000, 0x00000000ee900000|100%| E|CS|TAMS 0x00000000ee800000| PB 0x00000000ee800000| Complete 
| 233|0x00000000ee900000, 0x00000000eea00000, 0x00000000eea00000|100%| E|CS|TAMS 0x00000000ee900000| PB 0x00000000ee900000| Complete 
| 234|0x00000000eea00000, 0x00000000eeb00000, 0x00000000eeb00000|100%| E|CS|TAMS 0x00000000eea00000| PB 0x00000000eea00000| Complete 
| 235|0x00000000eeb00000, 0x00000000eec00000, 0x00000000eec00000|100%| E|CS|TAMS 0x00000000eeb00000| PB 0x00000000eeb00000| Complete 
| 236|0x00000000eec00000, 0x00000000eed00000, 0x00000000eed00000|100%| E|CS|TAMS 0x00000000eec00000| PB 0x00000000eec00000| Complete 
| 237|0x00000000eed00000, 0x00000000eee00000, 0x00000000eee00000|100%| E|CS|TAMS 0x00000000eed00000| PB 0x00000000eed00000| Complete 
| 238|0x00000000eee00000, 0x00000000eef00000, 0x00000000eef00000|100%| E|CS|TAMS 0x00000000eee00000| PB 0x00000000eee00000| Complete 
| 239|0x00000000eef00000, 0x00000000ef000000, 0x00000000ef000000|100%| E|CS|TAMS 0x00000000eef00000| PB 0x00000000eef00000| Complete 
| 240|0x00000000ef000000, 0x00000000ef100000, 0x00000000ef100000|100%| E|CS|TAMS 0x00000000ef000000| PB 0x00000000ef000000| Complete 
| 241|0x00000000ef100000, 0x00000000ef200000, 0x00000000ef200000|100%| E|CS|TAMS 0x00000000ef100000| PB 0x00000000ef100000| Complete 
| 242|0x00000000ef200000, 0x00000000ef300000, 0x00000000ef300000|100%| E|CS|TAMS 0x00000000ef200000| PB 0x00000000ef200000| Complete 
| 243|0x00000000ef300000, 0x00000000ef400000, 0x00000000ef400000|100%| E|CS|TAMS 0x00000000ef300000| PB 0x00000000ef300000| Complete 
| 244|0x00000000ef400000, 0x00000000ef500000, 0x00000000ef500000|100%| E|CS|TAMS 0x00000000ef400000| PB 0x00000000ef400000| Complete 
| 245|0x00000000ef500000, 0x00000000ef600000, 0x00000000ef600000|100%| E|CS|TAMS 0x00000000ef500000| PB 0x00000000ef500000| Complete 
| 246|0x00000000ef600000, 0x00000000ef700000, 0x00000000ef700000|100%| E|CS|TAMS 0x00000000ef600000| PB 0x00000000ef600000| Complete 
| 247|0x00000000ef700000, 0x00000000ef800000, 0x00000000ef800000|100%| E|CS|TAMS 0x00000000ef700000| PB 0x00000000ef700000| Complete 
| 248|0x00000000ef800000, 0x00000000ef900000, 0x00000000ef900000|100%| E|CS|TAMS 0x00000000ef800000| PB 0x00000000ef800000| Complete 
| 249|0x00000000ef900000, 0x00000000efa00000, 0x00000000efa00000|100%| E|CS|TAMS 0x00000000ef900000| PB 0x00000000ef900000| Complete 
| 250|0x00000000efa00000, 0x00000000efb00000, 0x00000000efb00000|100%| E|CS|TAMS 0x00000000efa00000| PB 0x00000000efa00000| Complete 
| 251|0x00000000efb00000, 0x00000000efc00000, 0x00000000efc00000|100%| E|CS|TAMS 0x00000000efb00000| PB 0x00000000efb00000| Complete 
| 252|0x00000000efc00000, 0x00000000efd00000, 0x00000000efd00000|100%| E|CS|TAMS 0x00000000efc00000| PB 0x00000000efc00000| Complete 
| 253|0x00000000efd00000, 0x00000000efe00000, 0x00000000efe00000|100%| E|CS|TAMS 0x00000000efd00000| PB 0x00000000efd00000| Complete 
| 254|0x00000000efe00000, 0x00000000eff00000, 0x00000000eff00000|100%| E|CS|TAMS 0x00000000efe00000| PB 0x00000000efe00000| Complete 
| 255|0x00000000eff00000, 0x00000000f0000000, 0x00000000f0000000|100%| E|CS|TAMS 0x00000000eff00000| PB 0x00000000eff00000| Complete 

Card table byte_map: [0x0000023177240000,0x0000023177340000] _byte_map_base: 0x0000023176b40000

Marking Bits: (CMBitMap*) 0x000002315f51ae50
 Bits: [0x0000023177340000, 0x0000023177b40000)

Polling page: 0x000002315d380000

Metaspace:

Usage:
  Non-class:     45.65 MB used.
      Class:      7.80 MB used.
       Both:     53.45 MB used.

Virtual space:
  Non-class space:       64.00 MB reserved,      46.62 MB ( 73%) committed,  1 nodes.
      Class space:      320.00 MB reserved,       8.69 MB (  3%) committed,  1 nodes.
             Both:      384.00 MB reserved,      55.31 MB ( 14%) committed. 

Chunk freelists:
   Non-Class:  1.42 MB
       Class:  7.23 MB
        Both:  8.66 MB

MaxMetaspaceSize: 384.00 MB
CompressedClassSpaceSize: 320.00 MB
Initial GC threshold: 21.00 MB
Current GC threshold: 59.69 MB
CDS: on
 - commit_granule_bytes: 65536.
 - commit_granule_words: 8192.
 - virtual_space_node_default_size: 8388608.
 - enlarge_chunks_in_place: 1.
 - use_allocation_guard: 0.


Internal statistics:

num_allocs_failed_limit: 12.
num_arena_births: 3296.
num_arena_deaths: 0.
num_vsnodes_births: 2.
num_vsnodes_deaths: 0.
num_space_committed: 885.
num_space_uncommitted: 0.
num_chunks_returned_to_freelist: 12.
num_chunks_taken_from_freelist: 5985.
num_chunk_merges: 9.
num_chunk_splits: 3842.
num_chunks_enlarged: 2296.
num_inconsistent_stats: 0.

CodeHeap 'non-profiled nmethods': size=120000Kb used=3872Kb max_used=3872Kb free=116127Kb
 bounds [0x000002316f6c0000, 0x000002316fa90000, 0x0000023176bf0000]
CodeHeap 'profiled nmethods': size=120000Kb used=12425Kb max_used=12425Kb free=107574Kb
 bounds [0x0000023167bf0000, 0x0000023168820000, 0x000002316f120000]
CodeHeap 'non-nmethods': size=5760Kb used=2727Kb max_used=2796Kb free=3032Kb
 bounds [0x000002316f120000, 0x000002316f3f0000, 0x000002316f6c0000]
CodeCache: size=245760Kb, used=19024Kb, max_used=19093Kb, free=226733Kb
 total_blobs=7120, nmethods=6263, adapters=760, full_count=0
Compilation: enabled, stopped_count=0, restarted_count=0

Compilation events (20 events):
Event: 7.412 Thread 0x000002317a7fead0 nmethod 6750 0x0000023168808690 code [0x0000023168808a80, 0x000002316880aed0]
Event: 7.414 Thread 0x000002317a7f9dc0 nmethod 6745 0x000002316fa81790 code [0x000002316fa819c0, 0x000002316fa81fc0]
Event: 7.423 Thread 0x000002317a7fead0 6752       3       org.gradle.internal.instantiation.generator.AsmBackedClassGenerator$ClassBuilderImpl::access$2800 (4 bytes)
Event: 7.423 Thread 0x000002317a7fead0 nmethod 6752 0x000002316880b910 code [0x000002316880baa0, 0x000002316880bb98]
Event: 7.423 Thread 0x000002317a7fead0 6753       3       org.gradle.internal.instantiation.generator.AsmBackedClassGenerator$ClassBuilderImpl::access$1400 (4 bytes)
Event: 7.423 Thread 0x000002317a7fead0 nmethod 6753 0x000002316880bc10 code [0x000002316880bda0, 0x000002316880be98]
Event: 7.423 Thread 0x000002317a7fead0 6754       3       jdk.internal.org.objectweb.asm.Type::getObjectType (31 bytes)
Event: 7.424 Thread 0x000002317a7fead0 nmethod 6754 0x000002316880bf10 code [0x000002316880c140, 0x000002316880c978]
Event: 7.425 Thread 0x000002317a7fead0 6755       3       org.gradle.api.internal.provider.ValueState$NonFinalizedValue::beforeMutate (34 bytes)
Event: 7.426 Thread 0x000002317a7fead0 nmethod 6755 0x000002316880cd10 code [0x000002316880cfa0, 0x000002316880dbc0]
Event: 7.675 Thread 0x000002317a7fead0 6756   !   3       java.lang.Thread::beforeSleep (33 bytes)
Event: 7.675 Thread 0x000002317a7fead0 nmethod 6756 0x000002316880e010 code [0x000002316880e1c0, 0x000002316880e388]
Event: 7.675 Thread 0x000002317a7fead0 6757       3       jdk.internal.event.ThreadSleepEvent::isTurnedOn (7 bytes)
Event: 7.675 Thread 0x000002317a7fead0 nmethod 6757 0x000002316880e490 code [0x000002316880e640, 0x000002316880e790]
Event: 7.691 Thread 0x000002317a7fead0 6758   !   3       org.gradle.launcher.daemon.server.exec.DaemonConnectionBackedEventConsumer$ForwardEvents::getNextEvent (27 bytes)
Event: 7.691 Thread 0x000002317a7fead0 nmethod 6758 0x000002316880e810 code [0x000002316880e9c0, 0x000002316880ec38]
Event: 8.286 Thread 0x000002317a7fead0 6759       1       javax.management.ObjectName$Property::setKeyIndex (6 bytes)
Event: 8.286 Thread 0x000002317a7fead0 nmethod 6759 0x000002316fa82410 code [0x000002316fa825a0, 0x000002316fa82668]
Event: 8.286 Thread 0x000002317a7fead0 6760       1       sun.management.MemoryPoolImpl::getName (5 bytes)
Event: 8.286 Thread 0x000002317a7fead0 nmethod 6760 0x000002316fa82710 code [0x000002316fa828a0, 0x000002316fa82968]

GC Heap History (14 events):
Event: 0.552 GC heap before
{Heap before GC invocations=0 (full 0):
 garbage-first heap   total 262144K, used 26624K [0x00000000e0000000, 0x0000000100000000)
  region size 1024K, 23 young (23552K), 0 survivors (0K)
 Metaspace       used 2203K, committed 2368K, reserved 393216K
  class space    used 247K, committed 320K, reserved 327680K
}
Event: 0.556 GC heap after
{Heap after GC invocations=1 (full 0):
 garbage-first heap   total 262144K, used 10787K [0x00000000e0000000, 0x0000000100000000)
  region size 1024K, 3 young (3072K), 3 survivors (3072K)
 Metaspace       used 2203K, committed 2368K, reserved 393216K
  class space    used 247K, committed 320K, reserved 327680K
}
Event: 0.931 GC heap before
{Heap before GC invocations=1 (full 0):
 garbage-first heap   total 262144K, used 40483K [0x00000000e0000000, 0x0000000100000000)
  region size 1024K, 32 young (32768K), 3 survivors (3072K)
 Metaspace       used 4169K, committed 4416K, reserved 393216K
  class space    used 522K, committed 640K, reserved 327680K
}
Event: 0.934 GC heap after
{Heap after GC invocations=2 (full 0):
 garbage-first heap   total 262144K, used 12186K [0x00000000e0000000, 0x0000000100000000)
  region size 1024K, 2 young (2048K), 2 survivors (2048K)
 Metaspace       used 4169K, committed 4416K, reserved 393216K
  class space    used 522K, committed 640K, reserved 327680K
}
Event: 2.659 GC heap before
{Heap before GC invocations=2 (full 0):
 garbage-first heap   total 262144K, used 128922K [0x00000000e0000000, 0x0000000100000000)
  region size 1024K, 115 young (117760K), 2 survivors (2048K)
 Metaspace       used 20897K, committed 21504K, reserved 393216K
  class space    used 3064K, committed 3328K, reserved 327680K
}
Event: 2.672 GC heap after
{Heap after GC invocations=3 (full 0):
 garbage-first heap   total 262144K, used 24667K [0x00000000e0000000, 0x0000000100000000)
  region size 1024K, 13 young (13312K), 13 survivors (13312K)
 Metaspace       used 20897K, committed 21504K, reserved 393216K
  class space    used 3064K, committed 3328K, reserved 327680K
}
Event: 3.816 GC heap before
{Heap before GC invocations=4 (full 0):
 garbage-first heap   total 262144K, used 113755K [0x00000000e0000000, 0x0000000100000000)
  region size 1024K, 102 young (104448K), 13 survivors (13312K)
 Metaspace       used 34799K, committed 35968K, reserved 393216K
  class space    used 5108K, committed 5696K, reserved 327680K
}
Event: 3.828 GC heap after
{Heap after GC invocations=5 (full 0):
 garbage-first heap   total 262144K, used 30305K [0x00000000e0000000, 0x0000000100000000)
  region size 1024K, 6 young (6144K), 6 survivors (6144K)
 Metaspace       used 34799K, committed 35968K, reserved 393216K
  class space    used 5108K, committed 5696K, reserved 327680K
}
Event: 3.845 GC heap before
{Heap before GC invocations=5 (full 0):
 garbage-first heap   total 262144K, used 31329K [0x00000000e0000000, 0x0000000100000000)
  region size 1024K, 8 young (8192K), 6 survivors (6144K)
 Metaspace       used 35083K, committed 36288K, reserved 393216K
  class space    used 5138K, committed 5760K, reserved 327680K
}
Event: 3.849 GC heap after
{Heap after GC invocations=6 (full 0):
 garbage-first heap   total 262144K, used 30317K [0x00000000e0000000, 0x0000000100000000)
  region size 1024K, 6 young (6144K), 6 survivors (6144K)
 Metaspace       used 35083K, committed 36288K, reserved 393216K
  class space    used 5138K, committed 5760K, reserved 327680K
}
Event: 3.894 GC heap before
{Heap before GC invocations=6 (full 0):
 garbage-first heap   total 262144K, used 32365K [0x00000000e0000000, 0x0000000100000000)
  region size 1024K, 10 young (10240K), 6 survivors (6144K)
 Metaspace       used 35415K, committed 36608K, reserved 393216K
  class space    used 5166K, committed 5760K, reserved 327680K
}
Event: 3.897 GC heap after
{Heap after GC invocations=7 (full 0):
 garbage-first heap   total 262144K, used 31038K [0x00000000e0000000, 0x0000000100000000)
  region size 1024K, 7 young (7168K), 7 survivors (7168K)
 Metaspace       used 35415K, committed 36608K, reserved 393216K
  class space    used 5166K, committed 5760K, reserved 327680K
}
Event: 5.561 GC heap before
{Heap before GC invocations=8 (full 0):
 garbage-first heap   total 262144K, used 187710K [0x00000000e0000000, 0x0000000100000000)
  region size 1024K, 153 young (156672K), 7 survivors (7168K)
 Metaspace       used 47012K, committed 48576K, reserved 393216K
  class space    used 6668K, committed 7424K, reserved 327680K
}
Event: 5.574 GC heap after
{Heap after GC invocations=9 (full 0):
 garbage-first heap   total 262144K, used 42166K [0x00000000e0000000, 0x0000000100000000)
  region size 1024K, 18 young (18432K), 18 survivors (18432K)
 Metaspace       used 47012K, committed 48576K, reserved 393216K
  class space    used 6668K, committed 7424K, reserved 327680K
}

Dll operation events (15 events):
Event: 0.051 Loaded shared library C:\Users\DELL\.jdks\ms-21.0.8\bin\java.dll
Event: 0.106 Loaded shared library C:\Users\DELL\.jdks\ms-21.0.8\bin\jsvml.dll
Event: 0.174 Loaded shared library C:\Users\DELL\.jdks\ms-21.0.8\bin\zip.dll
Event: 0.176 Loaded shared library C:\Users\DELL\.jdks\ms-21.0.8\bin\instrument.dll
Event: 0.181 Loaded shared library C:\Users\DELL\.jdks\ms-21.0.8\bin\net.dll
Event: 0.182 Loaded shared library C:\Users\DELL\.jdks\ms-21.0.8\bin\nio.dll
Event: 0.185 Loaded shared library C:\Users\DELL\.jdks\ms-21.0.8\bin\zip.dll
Event: 0.388 Loaded shared library C:\Users\DELL\.jdks\ms-21.0.8\bin\jimage.dll
Event: 0.453 Loaded shared library C:\Users\DELL\.jdks\ms-21.0.8\bin\verify.dll
Event: 0.564 Loaded shared library C:\Users\DELL\.gradle\native\c067742578af261105cb4f569cf0c3c89f3d7b1fecec35dd04571415982c5e48\windows-amd64\native-platform.dll
Event: 0.571 Loaded shared library C:\Users\DELL\.gradle\native\100fb08df4bc3b14c8652ba06237920a3bd2aa13389f12d3474272988ae205f9\windows-amd64\native-platform-file-events.dll
Event: 1.258 Loaded shared library C:\Users\DELL\.jdks\ms-21.0.8\bin\management.dll
Event: 1.260 Loaded shared library C:\Users\DELL\.jdks\ms-21.0.8\bin\management_ext.dll
Event: 1.379 Loaded shared library C:\Users\DELL\.jdks\ms-21.0.8\bin\extnet.dll
Event: 1.501 Loaded shared library C:\Users\DELL\.jdks\ms-21.0.8\bin\sunmscapi.dll

Deoptimization events (20 events):
Event: 7.296 Thread 0x00000231162d4d50 Uncommon trap: trap_request=0xffffff45 fr.pc=0x000002316fa1bbec relative=0x000000000000070c
Event: 7.296 Thread 0x00000231162d4d50 Uncommon trap: reason=unstable_if action=reinterpret pc=0x000002316fa1bbec method=org.objectweb.asm.Type.getArgumentsAndReturnSizes(Ljava/lang/String;)I @ 117 c2
Event: 7.296 Thread 0x00000231162d4d50 DEOPT PACKING pc=0x000002316fa1bbec sp=0x00000096132f7b50
Event: 7.297 Thread 0x00000231162d4d50 DEOPT UNPACKING pc=0x000002316f1746a2 sp=0x00000096132f7a68 mode 2
Event: 7.297 Thread 0x00000231162d4d50 Uncommon trap: trap_request=0xffffff45 fr.pc=0x000002316f95ec28 relative=0x0000000000000c88
Event: 7.297 Thread 0x00000231162d4d50 Uncommon trap: reason=unstable_if action=reinterpret pc=0x000002316f95ec28 method=org.objectweb.asm.Frame.getAbstractTypeFromDescriptor(Lorg/objectweb/asm/SymbolTable;Ljava/lang/String;I)I @ 5 c2
Event: 7.297 Thread 0x00000231162d4d50 DEOPT PACKING pc=0x000002316f95ec28 sp=0x00000096132f7ab0
Event: 7.297 Thread 0x00000231162d4d50 DEOPT UNPACKING pc=0x000002316f1746a2 sp=0x00000096132f7a70 mode 2
Event: 7.297 Thread 0x00000231162d4d50 Uncommon trap: trap_request=0xffffff45 fr.pc=0x000002316f9d804c relative=0x000000000000096c
Event: 7.297 Thread 0x00000231162d4d50 Uncommon trap: reason=unstable_if action=reinterpret pc=0x000002316f9d804c method=org.objectweb.asm.Frame.push(Lorg/objectweb/asm/SymbolTable;Ljava/lang/String;)V @ 42 c2
Event: 7.297 Thread 0x00000231162d4d50 DEOPT PACKING pc=0x000002316f9d804c sp=0x00000096132f7b30
Event: 7.297 Thread 0x00000231162d4d50 DEOPT UNPACKING pc=0x000002316f1746a2 sp=0x00000096132f7ae0 mode 2
Event: 7.297 Thread 0x00000231162d4d50 Uncommon trap: trap_request=0xffffff45 fr.pc=0x000002316fa3228c relative=0x0000000000003bcc
Event: 7.297 Thread 0x00000231162d4d50 Uncommon trap: reason=unstable_if action=reinterpret pc=0x000002316fa3228c method=org.objectweb.asm.Type.getTypeInternal(Ljava/lang/String;II)Lorg/objectweb/asm/Type; @ 5 c2
Event: 7.297 Thread 0x00000231162d4d50 DEOPT PACKING pc=0x000002316fa3228c sp=0x00000096132f8040
Event: 7.297 Thread 0x00000231162d4d50 DEOPT UNPACKING pc=0x000002316f1746a2 sp=0x00000096132f7e80 mode 2
Event: 7.297 Thread 0x00000231162d4d50 Uncommon trap: trap_request=0xffffff45 fr.pc=0x000002316fa24b98 relative=0x0000000000000978
Event: 7.297 Thread 0x00000231162d4d50 Uncommon trap: reason=unstable_if action=reinterpret pc=0x000002316fa24b98 method=org.objectweb.asm.Frame.accept(Lorg/objectweb/asm/MethodWriter;)V @ 32 c2
Event: 7.297 Thread 0x00000231162d4d50 DEOPT PACKING pc=0x000002316fa24b98 sp=0x00000096132f7fd0
Event: 7.297 Thread 0x00000231162d4d50 DEOPT UNPACKING pc=0x000002316f1746a2 sp=0x00000096132f7f80 mode 2

Classes loaded (20 events):
Event: 6.306 Loading class com/sun/org/apache/xerces/internal/jaxp/DocumentBuilderFactoryImpl
Event: 6.306 Loading class com/sun/org/apache/xerces/internal/jaxp/DocumentBuilderFactoryImpl done
Event: 6.307 Loading class com/sun/org/apache/xerces/internal/utils/XMLSecurityManager
Event: 6.307 Loading class com/sun/org/apache/xerces/internal/utils/XMLSecurityManager done
Event: 6.307 Loading class com/sun/org/apache/xerces/internal/utils/XMLSecurityManager$Limit
Event: 6.307 Loading class com/sun/org/apache/xerces/internal/utils/XMLSecurityManager$Limit done
Event: 6.307 Loading class com/sun/org/apache/xerces/internal/utils/XMLSecurityManager$NameMap
Event: 6.307 Loading class com/sun/org/apache/xerces/internal/utils/XMLSecurityManager$NameMap done
Event: 6.307 Loading class com/sun/org/apache/xerces/internal/utils/XMLSecurityPropertyManager
Event: 6.308 Loading class com/sun/org/apache/xerces/internal/utils/XMLSecurityPropertyManager done
Event: 6.308 Loading class com/sun/org/apache/xerces/internal/utils/XMLSecurityPropertyManager$State
Event: 6.308 Loading class com/sun/org/apache/xerces/internal/utils/XMLSecurityPropertyManager$State done
Event: 6.308 Loading class com/sun/org/apache/xerces/internal/utils/XMLSecurityPropertyManager$Property
Event: 6.308 Loading class com/sun/org/apache/xerces/internal/utils/XMLSecurityPropertyManager$Property done
Event: 6.373 Loading class java/util/regex/Pattern$SliceI
Event: 6.374 Loading class java/util/regex/Pattern$SliceI done
Event: 6.939 Loading class java/lang/StackTraceElement$HashedModules
Event: 6.939 Loading class java/lang/StackTraceElement$HashedModules done
Event: 6.985 Loading class sun/reflect/generics/tree/LongSignature
Event: 6.985 Loading class sun/reflect/generics/tree/LongSignature done

Classes unloaded (0 events):
No events

Classes redefined (0 events):
No events

Internal exceptions (20 events):
Event: 7.193 Thread 0x00000231162d4d50 Exception <a 'java/lang/ClassNotFoundException'{0x00000000ea679c90}: org/gradle/api/tasks/compile/JavaCompileCustomizer> (0x00000000ea679c90) 
thrown [s\src\hotspot\share\classfile\systemDictionary.cpp, line 312]
Event: 7.195 Thread 0x00000231162d4d50 Exception <a 'java/lang/ClassNotFoundException'{0x00000000ea6a6250}: org/gradle/api/tasks/compile/JavaCompile_DecoratedCustomizer> (0x00000000ea6a6250) 
thrown [s\src\hotspot\share\classfile\systemDictionary.cpp, line 312]
Event: 7.206 Thread 0x00000231162d4d50 Exception <a 'java/lang/ClassNotFoundException'{0x00000000ea55f490}: org/gradle/api/tasks/compile/CompileOptions_DecoratedBeanInfo> (0x00000000ea55f490) 
thrown [s\src\hotspot\share\classfile\systemDictionary.cpp, line 312]
Event: 7.207 Thread 0x00000231162d4d50 Exception <a 'java/lang/ClassNotFoundException'{0x00000000ea572580}: org/gradle/api/tasks/compile/CompileOptionsBeanInfo> (0x00000000ea572580) 
thrown [s\src\hotspot\share\classfile\systemDictionary.cpp, line 312]
Event: 7.208 Thread 0x00000231162d4d50 Exception <a 'java/lang/ClassNotFoundException'{0x00000000ea5858a8}: org/gradle/api/tasks/compile/AbstractOptionsBeanInfo> (0x00000000ea5858a8) 
thrown [s\src\hotspot\share\classfile\systemDictionary.cpp, line 312]
Event: 7.209 Thread 0x00000231162d4d50 Exception <a 'java/lang/ClassNotFoundException'{0x00000000ea598a28}: org/gradle/api/tasks/compile/AbstractOptionsCustomizer> (0x00000000ea598a28) 
thrown [s\src\hotspot\share\classfile\systemDictionary.cpp, line 312]
Event: 7.210 Thread 0x00000231162d4d50 Exception <a 'java/lang/ClassNotFoundException'{0x00000000ea5ae3c0}: org/gradle/api/tasks/compile/CompileOptionsCustomizer> (0x00000000ea5ae3c0) 
thrown [s\src\hotspot\share\classfile\systemDictionary.cpp, line 312]
Event: 7.214 Thread 0x00000231162d4d50 Exception <a 'java/lang/ClassNotFoundException'{0x00000000ea5f99d8}: org/gradle/api/tasks/compile/CompileOptions_DecoratedCustomizer> (0x00000000ea5f99d8) 
thrown [s\src\hotspot\share\classfile\systemDictionary.cpp, line 312]
Event: 7.235 Thread 0x00000231162d4d50 Exception <a 'java/lang/ClassNotFoundException'{0x00000000ea386618}: groovy/lang/GString$1BeanInfo> (0x00000000ea386618) 
thrown [s\src\hotspot\share\classfile\systemDictionary.cpp, line 312]
Event: 7.236 Thread 0x00000231162d4d50 Exception <a 'java/lang/ClassNotFoundException'{0x00000000ea396918}: groovy/lang/GStringBeanInfo> (0x00000000ea396918) 
thrown [s\src\hotspot\share\classfile\systemDictionary.cpp, line 312]
Event: 7.237 Thread 0x00000231162d4d50 Exception <a 'java/lang/ClassNotFoundException'{0x00000000ea3a63d0}: groovy/lang/GStringCustomizer> (0x00000000ea3a63d0) 
thrown [s\src\hotspot\share\classfile\systemDictionary.cpp, line 312]
Event: 7.242 Thread 0x00000231162d4d50 Exception <a 'java/lang/ClassNotFoundException'{0x00000000ea3c1970}: groovy/lang/GString$1Customizer> (0x00000000ea3c1970) 
thrown [s\src\hotspot\share\classfile\systemDictionary.cpp, line 312]
Event: 7.252 Thread 0x00000231162d4d50 Exception <a 'java/lang/ClassNotFoundException'{0x00000000ea2c5d50}: org/codehaus/groovy/runtime/GStringImplBeanInfo> (0x00000000ea2c5d50) 
thrown [s\src\hotspot\share\classfile\systemDictionary.cpp, line 312]
Event: 7.254 Thread 0x00000231162d4d50 Exception <a 'java/lang/ClassNotFoundException'{0x00000000ea2d5370}: org/codehaus/groovy/runtime/GStringImplCustomizer> (0x00000000ea2d5370) 
thrown [s\src\hotspot\share\classfile\systemDictionary.cpp, line 312]
Event: 7.266 Thread 0x00000231162d4d50 Exception <a 'java/lang/ClassNotFoundException'{0x00000000ea12af80}: org/gradle/api/plugins/internal/DefaultWarPluginConvention_DecoratedBeanInfo> (0x00000000ea12af80) 
thrown [s\src\hotspot\share\classfile\systemDictionary.cpp, line 312]
Event: 7.267 Thread 0x00000231162d4d50 Exception <a 'java/lang/ClassNotFoundException'{0x00000000ea13c5c8}: org/gradle/api/plugins/internal/DefaultWarPluginConventionBeanInfo> (0x00000000ea13c5c8) 
thrown [s\src\hotspot\share\classfile\systemDictionary.cpp, line 312]
Event: 7.268 Thread 0x00000231162d4d50 Exception <a 'java/lang/ClassNotFoundException'{0x00000000ea14d630}: org/gradle/api/plugins/WarPluginConventionBeanInfo> (0x00000000ea14d630) 
thrown [s\src\hotspot\share\classfile\systemDictionary.cpp, line 312]
Event: 7.269 Thread 0x00000231162d4d50 Exception <a 'java/lang/ClassNotFoundException'{0x00000000ea15e698}: org/gradle/api/plugins/WarPluginConventionCustomizer> (0x00000000ea15e698) 
thrown [s\src\hotspot\share\classfile\systemDictionary.cpp, line 312]
Event: 7.270 Thread 0x00000231162d4d50 Exception <a 'java/lang/ClassNotFoundException'{0x00000000ea178960}: org/gradle/api/plugins/internal/DefaultWarPluginConventionCustomizer> (0x00000000ea178960) 
thrown [s\src\hotspot\share\classfile\systemDictionary.cpp, line 312]
Event: 7.273 Thread 0x00000231162d4d50 Exception <a 'java/lang/ClassNotFoundException'{0x00000000ea194780}: org/gradle/api/plugins/internal/DefaultWarPluginConvention_DecoratedCustomizer> (0x00000000ea194780) 
thrown [s\src\hotspot\share\classfile\systemDictionary.cpp, line 312]

ZGC Phase Switch (0 events):
No events

VM Operations (20 events):
Event: 5.394 Executing VM operation: HandshakeAllThreads (Deoptimize)
Event: 5.394 Executing VM operation: HandshakeAllThreads (Deoptimize) done
Event: 5.493 Executing VM operation: HandshakeAllThreads (Deoptimize)
Event: 5.493 Executing VM operation: HandshakeAllThreads (Deoptimize) done
Event: 5.561 Executing VM operation: G1CollectForAllocation (G1 Evacuation Pause)
Event: 5.574 Executing VM operation: G1CollectForAllocation (G1 Evacuation Pause) done
Event: 5.607 Executing VM operation: HandshakeAllThreads (Deoptimize)
Event: 5.607 Executing VM operation: HandshakeAllThreads (Deoptimize) done
Event: 5.869 Executing VM operation: HandshakeAllThreads (Deoptimize)
Event: 5.869 Executing VM operation: HandshakeAllThreads (Deoptimize) done
Event: 5.940 Executing VM operation: ICBufferFull
Event: 5.940 Executing VM operation: ICBufferFull done
Event: 5.972 Executing VM operation: HandshakeAllThreads (Deoptimize)
Event: 5.972 Executing VM operation: HandshakeAllThreads (Deoptimize) done
Event: 6.584 Executing VM operation: ICBufferFull
Event: 6.584 Executing VM operation: ICBufferFull done
Event: 7.038 Executing VM operation: ICBufferFull
Event: 7.039 Executing VM operation: ICBufferFull done
Event: 8.049 Executing VM operation: Cleanup
Event: 8.049 Executing VM operation: Cleanup done

Memory protections (0 events):
No events

Nmethod flushes (20 events):
Event: 3.908 Thread 0x000002317a7d4f70 flushing  nmethod 0x0000023167ed6690
Event: 3.908 Thread 0x000002317a7d4f70 flushing  nmethod 0x0000023167ed7090
Event: 3.908 Thread 0x000002317a7d4f70 flushing  nmethod 0x0000023167f12a10
Event: 3.908 Thread 0x000002317a7d4f70 flushing  nmethod 0x0000023167f12f90
Event: 3.908 Thread 0x000002317a7d4f70 flushing  nmethod 0x0000023167f14390
Event: 3.908 Thread 0x000002317a7d4f70 flushing  nmethod 0x0000023167f14c10
Event: 3.908 Thread 0x000002317a7d4f70 flushing  nmethod 0x0000023167f16090
Event: 3.908 Thread 0x000002317a7d4f70 flushing  nmethod 0x0000023167f17c90
Event: 3.908 Thread 0x000002317a7d4f70 flushing  nmethod 0x0000023167f18010
Event: 3.908 Thread 0x000002317a7d4f70 flushing  nmethod 0x0000023167f18390
Event: 3.908 Thread 0x000002317a7d4f70 flushing  nmethod 0x0000023167f31d10
Event: 3.908 Thread 0x000002317a7d4f70 flushing  nmethod 0x0000023167f54090
Event: 3.908 Thread 0x000002317a7d4f70 flushing  nmethod 0x0000023167f58510
Event: 3.908 Thread 0x000002317a7d4f70 flushing  nmethod 0x0000023167f5a710
Event: 3.908 Thread 0x000002317a7d4f70 flushing  nmethod 0x0000023167f7d790
Event: 3.908 Thread 0x000002317a7d4f70 flushing  nmethod 0x0000023168020510
Event: 3.908 Thread 0x000002317a7d4f70 flushing  nmethod 0x0000023168020a90
Event: 3.908 Thread 0x000002317a7d4f70 flushing  nmethod 0x0000023168020f10
Event: 3.908 Thread 0x000002317a7d4f70 flushing  nmethod 0x00000231680e6390
Event: 3.908 Thread 0x000002317a7d4f70 flushing  nmethod 0x00000231681aa710

Events (20 events):
Event: 5.094 Thread 0x00000231162d4d50 Thread added: 0x0000023119c6e030
Event: 5.095 Thread 0x00000231162d4d50 Thread added: 0x0000023119c71b40
Event: 5.096 Thread 0x00000231162d4d50 Thread added: 0x0000023119c6fa70
Event: 5.113 Thread 0x00000231162d4d50 Thread added: 0x0000023119c70790
Event: 5.139 Thread 0x00000231162d4d50 Thread added: 0x0000023119c70100
Event: 5.167 Thread 0x00000231162d4d50 Thread added: 0x0000023119c714b0
Event: 5.167 Thread 0x00000231162d4d50 Thread added: 0x0000023119c721d0
Event: 5.168 Thread 0x00000231162d4d50 Thread added: 0x0000023119c72860
Event: 5.168 Thread 0x00000231162d4d50 Thread added: 0x0000023119c72ef0
Event: 5.168 Thread 0x00000231162d4d50 Thread added: 0x0000023119cb5770
Event: 5.168 Thread 0x00000231162d4d50 Thread added: 0x0000023119cb6b20
Event: 5.168 Thread 0x00000231162d4d50 Thread added: 0x0000023119cb6490
Event: 5.169 Thread 0x00000231162d4d50 Thread added: 0x0000023119cb7ed0
Event: 5.169 Thread 0x00000231162d4d50 Thread added: 0x0000023119cb71b0
Event: 5.170 Thread 0x00000231162d4d50 Thread added: 0x0000023119cb5e00
Event: 5.170 Thread 0x00000231162d4d50 Thread added: 0x0000023119cb7840
Event: 5.186 Thread 0x00000231162d4d50 Thread added: 0x0000023119cb8560
Event: 5.973 Thread 0x00000231162d4d50 Thread added: 0x0000023119cbb9e0
Event: 6.405 Thread 0x00000231162d4d50 Thread added: 0x0000023119cba630
Event: 6.999 Thread 0x000002317a7fead0 Thread added: 0x0000023119732340


Dynamic libraries:
0x00007ff76c570000 - 0x00007ff76c57e000 	C:\Users\DELL\.jdks\ms-21.0.8\bin\java.exe
0x00007ff871ce0000 - 0x00007ff871f47000 	C:\WINDOWS\SYSTEM32\ntdll.dll
0x00007ff8701b0000 - 0x00007ff870279000 	C:\WINDOWS\System32\KERNEL32.DLL
0x00007ff86e7d0000 - 0x00007ff86ebc4000 	C:\WINDOWS\System32\KERNELBASE.dll
0x00007ff86f600000 - 0x00007ff86f74b000 	C:\WINDOWS\System32\ucrtbase.dll
0x00007ff8455c0000 - 0x00007ff8455d8000 	C:\Users\DELL\.jdks\ms-21.0.8\bin\jli.dll
0x00007ff8454a0000 - 0x00007ff8454be000 	C:\Users\DELL\.jdks\ms-21.0.8\bin\VCRUNTIME140.dll
0x00007ff871180000 - 0x00007ff871345000 	C:\WINDOWS\System32\USER32.dll
0x00007ff858960000 - 0x00007ff858bf3000 	C:\WINDOWS\WinSxS\amd64_microsoft.windows.common-controls_6595b64144ccf1df_6.0.26100.8115_none_3e075c82e3354f9c\COMCTL32.dll
0x00007ff86fa40000 - 0x00007ff86fa67000 	C:\WINDOWS\System32\win32u.dll
0x00007ff86fb20000 - 0x00007ff86fbc9000 	C:\WINDOWS\System32\msvcrt.dll
0x00007ff86fae0000 - 0x00007ff86fb0b000 	C:\WINDOWS\System32\GDI32.dll
0x00007ff86ebd0000 - 0x00007ff86ecfb000 	C:\WINDOWS\System32\gdi32full.dll
0x00007ff86e5b0000 - 0x00007ff86e653000 	C:\WINDOWS\System32\msvcp_win.dll
0x00007ff871140000 - 0x00007ff871172000 	C:\WINDOWS\System32\IMM32.DLL
0x00007ff859980000 - 0x00007ff85998c000 	C:\Users\DELL\.jdks\ms-21.0.8\bin\vcruntime140_1.dll
0x00007ff83a800000 - 0x00007ff83a889000 	C:\Users\DELL\.jdks\ms-21.0.8\bin\msvcp140.dll
0x00007fff93840000 - 0x00007fff945ec000 	C:\Users\DELL\.jdks\ms-21.0.8\bin\server\jvm.dll
0x00007ff870f30000 - 0x00007ff870fe6000 	C:\WINDOWS\System32\ADVAPI32.dll
0x00007ff8718a0000 - 0x00007ff871947000 	C:\WINDOWS\System32\sechost.dll
0x00007ff870000000 - 0x00007ff870118000 	C:\WINDOWS\System32\RPCRT4.dll
0x00007ff86ff70000 - 0x00007ff86fff0000 	C:\WINDOWS\System32\WS2_32.dll
0x00007ff86e410000 - 0x00007ff86e46e000 	C:\WINDOWS\SYSTEM32\POWRPROF.dll
0x00007ff859350000 - 0x00007ff85935b000 	C:\WINDOWS\SYSTEM32\VERSION.dll
0x00007ff865eb0000 - 0x00007ff865ee6000 	C:\WINDOWS\SYSTEM32\WINMM.dll
0x00007ff86e3f0000 - 0x00007ff86e404000 	C:\WINDOWS\SYSTEM32\UMPDC.dll
0x00007ff86d340000 - 0x00007ff86d35b000 	C:\WINDOWS\SYSTEM32\kernel.appcore.dll
0x00007ff844860000 - 0x00007ff84486a000 	C:\Users\DELL\.jdks\ms-21.0.8\bin\jimage.dll
0x00007ff86bf80000 - 0x00007ff86c1c2000 	C:\WINDOWS\SYSTEM32\DBGHELP.DLL
0x00007ff86fbe0000 - 0x00007ff86ff62000 	C:\WINDOWS\System32\combase.dll
0x00007ff871010000 - 0x00007ff8710e8000 	C:\WINDOWS\System32\OLEAUT32.dll
0x00007ff856c10000 - 0x00007ff856c4b000 	C:\WINDOWS\SYSTEM32\dbgcore.DLL
0x00007ff86f990000 - 0x00007ff86fa35000 	C:\WINDOWS\System32\bcryptPrimitives.dll
0x00007ff844850000 - 0x00007ff844860000 	C:\Users\DELL\.jdks\ms-21.0.8\bin\instrument.dll
0x00007ff830800000 - 0x00007ff830821000 	C:\Users\DELL\.jdks\ms-21.0.8\bin\java.dll
0x00007ff870380000 - 0x00007ff870ae7000 	C:\WINDOWS\System32\SHELL32.dll
0x00007ff86e660000 - 0x00007ff86e7ca000 	C:\WINDOWS\System32\wintypes.dll
0x00007ff86ed90000 - 0x00007ff86f5f8000 	C:\WINDOWS\System32\windows.storage.dll
0x00007ff871b20000 - 0x00007ff871c18000 	C:\WINDOWS\System32\SHCORE.dll
0x00007ff871c30000 - 0x00007ff871c96000 	C:\WINDOWS\System32\shlwapi.dll
0x00007ff86e4d0000 - 0x00007ff86e4f9000 	C:\WINDOWS\SYSTEM32\profapi.dll
0x00007fffbbfb0000 - 0x00007fffbc086000 	C:\Users\DELL\.jdks\ms-21.0.8\bin\jsvml.dll
0x00007ff83a960000 - 0x00007ff83a978000 	C:\Users\DELL\.jdks\ms-21.0.8\bin\zip.dll
0x00007ff83a7e0000 - 0x00007ff83a7f1000 	C:\Users\DELL\.jdks\ms-21.0.8\bin\net.dll
0x00007ff867db0000 - 0x00007ff867edd000 	C:\WINDOWS\SYSTEM32\WINHTTP.dll
0x00007ff86d8b0000 - 0x00007ff86d91c000 	C:\WINDOWS\system32\mswsock.dll
0x00007ff83a6f0000 - 0x00007ff83a706000 	C:\Users\DELL\.jdks\ms-21.0.8\bin\nio.dll
0x00007ff8447b0000 - 0x00007ff8447c0000 	C:\Users\DELL\.jdks\ms-21.0.8\bin\verify.dll
0x00007ff83a890000 - 0x00007ff83a8b7000 	C:\Users\DELL\.gradle\native\c067742578af261105cb4f569cf0c3c89f3d7b1fecec35dd04571415982c5e48\windows-amd64\native-platform.dll
0x00007fffbb110000 - 0x00007fffbb254000 	C:\Users\DELL\.gradle\native\100fb08df4bc3b14c8652ba06237920a3bd2aa13389f12d3474272988ae205f9\windows-amd64\native-platform-file-events.dll
0x00007ff83c440000 - 0x00007ff83c44a000 	C:\Users\DELL\.jdks\ms-21.0.8\bin\management.dll
0x00007ff83ab60000 - 0x00007ff83ab6c000 	C:\Users\DELL\.jdks\ms-21.0.8\bin\management_ext.dll
0x00007ff86fbd0000 - 0x00007ff86fbd8000 	C:\WINDOWS\System32\PSAPI.DLL
0x00007ff86dba0000 - 0x00007ff86dbbb000 	C:\WINDOWS\SYSTEM32\CRYPTSP.dll
0x00007ff86d2a0000 - 0x00007ff86d2d9000 	C:\WINDOWS\system32\rsaenh.dll
0x00007ff86d960000 - 0x00007ff86d993000 	C:\WINDOWS\SYSTEM32\USERENV.dll
0x00007ff86e4a0000 - 0x00007ff86e4ca000 	C:\WINDOWS\SYSTEM32\bcrypt.dll
0x00007ff86db90000 - 0x00007ff86db9c000 	C:\WINDOWS\SYSTEM32\CRYPTBASE.dll
0x00007ff86cd40000 - 0x00007ff86cd72000 	C:\WINDOWS\SYSTEM32\IPHLPAPI.DLL
0x00007ff86fb10000 - 0x00007ff86fb1a000 	C:\WINDOWS\System32\NSI.dll
0x00007ff83a5f0000 - 0x00007ff83a5f9000 	C:\Users\DELL\.jdks\ms-21.0.8\bin\extnet.dll
0x00007ff83a5a0000 - 0x00007ff83a5ae000 	C:\Users\DELL\.jdks\ms-21.0.8\bin\sunmscapi.dll
0x00007ff86f810000 - 0x00007ff86f987000 	C:\WINDOWS\System32\CRYPT32.dll
0x00007ff86ddb0000 - 0x00007ff86dde0000 	C:\WINDOWS\SYSTEM32\ncrypt.dll
0x00007ff86dd60000 - 0x00007ff86dd9f000 	C:\WINDOWS\SYSTEM32\NTASN1.dll
0x00007ff83b060000 - 0x00007ff83b068000 	C:\WINDOWS\system32\wshunix.dll

JVMTI agents:
C:\Users\DELL\.gradle\wrapper\dists\gradle-8.8-bin\dl7vupf4psengwqhwktix4v1\gradle-8.8\lib\agents\gradle-instrumentation-agent-8.8.jar path:C:\Users\DELL\.jdks\ms-21.0.8\bin\instrument.dll, loaded, initialized, instrumentlib options:none

dbghelp: loaded successfully - version: 4.0.5 - missing functions: none
symbol engine: initialized successfully - sym options: 0x614 - pdb path: .;C:\Users\DELL\.jdks\ms-21.0.8\bin;C:\WINDOWS\SYSTEM32;C:\WINDOWS\WinSxS\amd64_microsoft.windows.common-controls_6595b64144ccf1df_6.0.26100.8115_none_3e075c82e3354f9c;C:\Users\DELL\.jdks\ms-21.0.8\bin\server;C:\Users\DELL\.gradle\native\c067742578af261105cb4f569cf0c3c89f3d7b1fecec35dd04571415982c5e48\windows-amd64;C:\Users\DELL\.gradle\native\100fb08df4bc3b14c8652ba06237920a3bd2aa13389f12d3474272988ae205f9\windows-amd64

VM Arguments:
jvm_args: --add-opens=java.base/java.util=ALL-UNNAMED --add-opens=java.base/java.lang=ALL-UNNAMED --add-opens=java.base/java.lang.invoke=ALL-UNNAMED --add-opens=java.prefs/java.util.prefs=ALL-UNNAMED --add-opens=java.base/java.nio.charset=ALL-UNNAMED --add-opens=java.base/java.net=ALL-UNNAMED --add-opens=java.base/java.util.concurrent.atomic=ALL-UNNAMED -XX:MaxMetaspaceSize=384m -XX:+HeapDumpOnOutOfMemoryError -Xms256m -Xmx512m -Dfile.encoding=UTF-8 -Duser.country -Duser.language=en -Duser.variant -javaagent:C:\Users\DELL\.gradle\wrapper\dists\gradle-8.8-bin\dl7vupf4psengwqhwktix4v1\gradle-8.8\lib\agents\gradle-instrumentation-agent-8.8.jar 
java_command: org.gradle.launcher.daemon.bootstrap.GradleDaemon 8.8
java_class_path (initial): C:\Users\DELL\.gradle\wrapper\dists\gradle-8.8-bin\dl7vupf4psengwqhwktix4v1\gradle-8.8\lib\gradle-launcher-8.8.jar
Launcher Type: SUN_STANDARD

[Global flags]
     intx CICompilerCount                          = 4                                         {product} {ergonomic}
   size_t CompressedClassSpaceSize                 = 335544320                                 {product} {ergonomic}
     uint ConcGCThreads                            = 3                                         {product} {ergonomic}
     uint G1ConcRefinementThreads                  = 10                                        {product} {ergonomic}
   size_t G1HeapRegionSize                         = 1048576                                   {product} {ergonomic}
    uintx GCDrainStackTargetSize                   = 64                                        {product} {ergonomic}
     bool HeapDumpOnOutOfMemoryError               = true                                   {manageable} {command line}
   size_t InitialHeapSize                          = 268435456                                 {product} {command line}
   size_t MarkStackSize                            = 4194304                                   {product} {ergonomic}
   size_t MaxHeapSize                              = 536870912                                 {product} {command line}
   size_t MaxMetaspaceSize                         = 402653184                                 {product} {command line}
   size_t MaxNewSize                               = 321912832                                 {product} {ergonomic}
   size_t MinHeapDeltaBytes                        = 1048576                                   {product} {ergonomic}
   size_t MinHeapSize                              = 268435456                                 {product} {command line}
    uintx NonNMethodCodeHeapSize                   = 5839372                                {pd product} {ergonomic}
    uintx NonProfiledCodeHeapSize                  = 122909434                              {pd product} {ergonomic}
    uintx ProfiledCodeHeapSize                     = 122909434                              {pd product} {ergonomic}
    uintx ReservedCodeCacheSize                    = 251658240                              {pd product} {ergonomic}
     bool SegmentedCodeCache                       = true                                      {product} {ergonomic}
   size_t SoftMaxHeapSize                          = 536870912                              {manageable} {ergonomic}
     bool UseCompressedOops                        = true                           {product lp64_product} {ergonomic}
     bool UseG1GC                                  = true                                      {product} {ergonomic}
     bool UseLargePagesIndividualAllocation        = false                                  {pd product} {ergonomic}

Logging:
Log output configuration:
 #0: stdout all=warning uptime,level,tags foldmultilines=false
 #1: stderr all=off uptime,level,tags foldmultilines=false

Environment Variables:
PATH=C:\WINDOWS\system32;C:\WINDOWS;C:\WINDOWS\System32\Wbem;C:\WINDOWS\System32\WindowsPowerShell\v1.0\;C:\WINDOWS\System32\OpenSSH\;C:\Program Files\dotnet\;C:\Program Files\Git\cmd;C:\Program Files\MySQL\MySQL Shell 8.0\bin\;C:\Users\DELL\AppData\Local\Microsoft\WindowsApps;C:\Users\DELL\AppData\Local\Programs\Microsoft VS Code\bin;;C:\Users\DELL\.local\bin
USERNAME=DELL
OS=Windows_NT
PROCESSOR_IDENTIFIER=Intel64 Family 6 Model 186 Stepping 3, GenuineIntel
TMP=C:\Users\DELL\AppData\Local\Temp
TEMP=C:\Users\DELL\AppData\Local\Temp




Periodic native trim disabled

---------------  S Y S T E M  ---------------

OS:
 Windows 11 , 64 bit Build 26100 (10.0.26100.8246)
OS uptime: 0 days 1:25 hours

CPU: total 12 (initial active 12) (6 cores per cpu, 2 threads per core) family 6 model 186 stepping 3 microcode 0x6134, cx8, cmov, fxsr, ht, mmx, 3dnowpref, sse, sse2, sse3, ssse3, sse4.1, sse4.2, popcnt, lzcnt, tsc, tscinvbit, avx, avx2, aes, erms, clmul, bmi1, bmi2, adx, sha, fma, vzeroupper, clflush, clflushopt, clwb, serialize, rdtscp, rdpid, fsrm, f16c, pku, cet_ibt, cet_ss
Processor Information for processor 0
  Max Mhz: 1700, Current Mhz: 1700, Mhz Limit: 1700
Processor Information for processor 1
  Max Mhz: 1700, Current Mhz: 1700, Mhz Limit: 1700
Processor Information for processor 2
  Max Mhz: 1700, Current Mhz: 1700, Mhz Limit: 1700
Processor Information for processor 3
  Max Mhz: 1700, Current Mhz: 1700, Mhz Limit: 1700
Processor Information for processor 4
  Max Mhz: 1700, Current Mhz: 1700, Mhz Limit: 1700
Processor Information for processor 5
  Max Mhz: 1700, Current Mhz: 1700, Mhz Limit: 1700
Processor Information for processor 6
  Max Mhz: 1700, Current Mhz: 1700, Mhz Limit: 1700
Processor Information for processor 7
  Max Mhz: 1700, Current Mhz: 1700, Mhz Limit: 1700
Processor Information for processor 8
  Max Mhz: 1700, Current Mhz: 1700, Mhz Limit: 1700
Processor Information for processor 9
  Max Mhz: 1700, Current Mhz: 1700, Mhz Limit: 1700
Processor Information for processor 10
  Max Mhz: 1700, Current Mhz: 1558, Mhz Limit: 1700
Processor Information for processor 11
  Max Mhz: 1700, Current Mhz: 1700, Mhz Limit: 1700

Memory: 4k page, system-wide physical 16068M (1485M free)
TotalPageFile size 18972M (AvailPageFile size 14M)
current process WorkingSet (physical memory assigned to process): 401M, peak: 405M
current process commit charge ("private bytes"): 503M, peak: 508M

vm_info: OpenJDK 64-Bit Server VM (21.0.8+9-LTS) for windows-amd64 JRE (21.0.8+9-LTS), built on 2025-07-10T20:22:44Z by "MicrosoftCorporation" with unknown MS VC++:1944

END.
